"연령계층별",2004.1/4,2004.1/4,2004.1/4,2004.1/4,2004.1/4,2004.1/4,2004.1/4,2004.1/4,2004.2/4,2004.2/4,2004.2/4,2004.2/4,2004.2/4,2004.2/4,2004.2/4,2004.2/4,2004.3/4,2004.3/4,2004.3/4,2004.3/4,2004.3/4,2004.3/4,2004.3/4,2004.3/4,2004.4/4,2004.4/4,2004.4/4,2004.4/4,2004.4/4,2004.4/4,2004.4/4,2004.4/4,2005.1/4,2005.1/4,2005.1/4,2005.1/4,2005.1/4,2005.1/4,2005.1/4,2005.1/4,2005.2/4,2005.2/4,2005.2/4,2005.2/4,2005.2/4,2005.2/4,2005.2/4,2005.2/4,2005.3/4,2005.3/4,2005.3/4,2005.3/4,2005.3/4,2005.3/4,2005.3/4,2005.3/4,2005.4/4,2005.4/4,2005.4/4,2005.4/4,2005.4/4,2005.4/4,2005.4/4,2005.4/4,2006.1/4,2006.1/4,2006.1/4,2006.1/4,2006.1/4,2006.1/4,2006.1/4,2006.1/4,2006.2/4,2006.2/4,2006.2/4,2006.2/4,2006.2/4,2006.2/4,2006.2/4,2006.2/4,2006.3/4,2006.3/4,2006.3/4,2006.3/4,2006.3/4,2006.3/4,2006.3/4,2006.3/4,2006.4/4,2006.4/4,2006.4/4,2006.4/4,2006.4/4,2006.4/4,2006.4/4,2006.4/4,2007.1/4,2007.1/4,2007.1/4,2007.1/4,2007.1/4,2007.1/4,2007.1/4,2007.1/4,2007.2/4,2007.2/4,2007.2/4,2007.2/4,2007.2/4,2007.2/4,2007.2/4,2007.2/4,2007.3/4,2007.3/4,2007.3/4,2007.3/4,2007.3/4,2007.3/4,2007.3/4,2007.3/4,2007.4/4,2007.4/4,2007.4/4,2007.4/4,2007.4/4,2007.4/4,2007.4/4,2007.4/4,2008.1/4,2008.1/4,2008.1/4,2008.1/4,2008.1/4,2008.1/4,2008.1/4,2008.1/4,2008.2/4,2008.2/4,2008.2/4,2008.2/4,2008.2/4,2008.2/4,2008.2/4,2008.2/4,2008.3/4,2008.3/4,2008.3/4,2008.3/4,2008.3/4,2008.3/4,2008.3/4,2008.3/4,2008.4/4,2008.4/4,2008.4/4,2008.4/4,2008.4/4,2008.4/4,2008.4/4,2008.4/4,2009.1/4,2009.1/4,2009.1/4,2009.1/4,2009.1/4,2009.1/4,2009.1/4,2009.1/4,2009.2/4,2009.2/4,2009.2/4,2009.2/4,2009.2/4,2009.2/4,2009.2/4,2009.2/4,2009.3/4,2009.3/4,2009.3/4,2009.3/4,2009.3/4,2009.3/4,2009.3/4,2009.3/4,2009.4/4,2009.4/4,2009.4/4,2009.4/4,2009.4/4,2009.4/4,2009.4/4,2009.4/4,2010.1/4,2010.1/4,2010.1/4,2010.1/4,2010.1/4,2010.1/4,2010.1/4,2010.1/4,2010.2/4,2010.2/4,2010.2/4,2010.2/4,2010.2/4,2010.2/4,2010.2/4,2010.2/4,2010.3/4,2010.3/4,2010.3/4,2010.3/4,2010.3/4,2010.3/4,2010.3/4,2010.3/4,2010.4/4,2010.4/4,2010.4/4,2010.4/4,2010.4/4,2010.4/4,2010.4/4,2010.4/4,2011.1/4,2011.1/4,2011.1/4,2011.1/4,2011.1/4,2011.1/4,2011.1/4,2011.1/4,2011.2/4,2011.2/4,2011.2/4,2011.2/4,2011.2/4,2011.2/4,2011.2/4,2011.2/4,2011.3/4,2011.3/4,2011.3/4,2011.3/4,2011.3/4,2011.3/4,2011.3/4,2011.3/4,2011.4/4,2011.4/4,2011.4/4,2011.4/4,2011.4/4,2011.4/4,2011.4/4,2011.4/4,2012.1/4,2012.1/4,2012.1/4,2012.1/4,2012.1/4,2012.1/4,2012.1/4,2012.1/4,2012.2/4,2012.2/4,2012.2/4,2012.2/4,2012.2/4,2012.2/4,2012.2/4,2012.2/4,2012.3/4,2012.3/4,2012.3/4,2012.3/4,2012.3/4,2012.3/4,2012.3/4,2012.3/4,2012.4/4,2012.4/4,2012.4/4,2012.4/4,2012.4/4,2012.4/4,2012.4/4,2012.4/4,2013.1/4,2013.1/4,2013.1/4,2013.1/4,2013.1/4,2013.1/4,2013.1/4,2013.1/4,2013.2/4,2013.2/4,2013.2/4,2013.2/4,2013.2/4,2013.2/4,2013.2/4,2013.2/4,2013.3/4,2013.3/4,2013.3/4,2013.3/4,2013.3/4,2013.3/4,2013.3/4,2013.3/4,2013.4/4,2013.4/4,2013.4/4,2013.4/4,2013.4/4,2013.4/4,2013.4/4,2013.4/4,2014.1/4,2014.1/4,2014.1/4,2014.1/4,2014.1/4,2014.1/4,2014.1/4,2014.1/4,2014.2/4,2014.2/4,2014.2/4,2014.2/4,2014.2/4,2014.2/4,2014.2/4,2014.2/4,2014.3/4,2014.3/4,2014.3/4,2014.3/4,2014.3/4,2014.3/4,2014.3/4,2014.3/4,2014.4/4,2014.4/4,2014.4/4,2014.4/4,2014.4/4,2014.4/4,2014.4/4,2014.4/4,2015.1/4,2015.1/4,2015.1/4,2015.1/4,2015.1/4,2015.1/4,2015.1/4,2015.1/4,2015.2/4,2015.2/4,2015.2/4,2015.2/4,2015.2/4,2015.2/4,2015.2/4,2015.2/4,2015.3/4,2015.3/4,2015.3/4,2015.3/4,2015.3/4,2015.3/4,2015.3/4,2015.3/4,2015.4/4,2015.4/4,2015.4/4,2015.4/4,2015.4/4,2015.4/4,2015.4/4,2015.4/4,2016.1/4,2016.1/4,2016.1/4,2016.1/4,2016.1/4,2016.1/4,2016.1/4,2016.1/4,2016.2/4,2016.2/4,2016.2/4,2016.2/4,2016.2/4,2016.2/4,2016.2/4,2016.2/4,2016.3/4,2016.3/4,2016.3/4,2016.3/4,2016.3/4,2016.3/4,2016.3/4,2016.3/4,2016.4/4,2016.4/4,2016.4/4,2016.4/4,2016.4/4,2016.4/4,2016.4/4,2016.4/4,2017.1/4,2017.1/4,2017.1/4,2017.1/4,2017.1/4,2017.1/4,2017.1/4,2017.1/4,2017.2/4,2017.2/4,2017.2/4,2017.2/4,2017.2/4,2017.2/4,2017.2/4,2017.2/4,2017.3/4,2017.3/4,2017.3/4,2017.3/4,2017.3/4,2017.3/4,2017.3/4,2017.3/4,2017.4/4,2017.4/4,2017.4/4,2017.4/4,2017.4/4,2017.4/4,2017.4/4,2017.4/4,2018.1/4,2018.1/4,2018.1/4,2018.1/4,2018.1/4,2018.1/4,2018.1/4,2018.1/4,2018.2/4,2018.2/4,2018.2/4,2018.2/4,2018.2/4,2018.2/4,2018.2/4,2018.2/4,2018.3/4,2018.3/4,2018.3/4,2018.3/4,2018.3/4,2018.3/4,2018.3/4,2018.3/4,2018.4/4,2018.4/4,2018.4/4,2018.4/4,2018.4/4,2018.4/4,2018.4/4,2018.4/4,2019.1/4,2019.1/4,2019.1/4,2019.1/4,2019.1/4,2019.1/4,2019.1/4,2019.1/4,2019.2/4,2019.2/4,2019.2/4,2019.2/4,2019.2/4,2019.2/4,2019.2/4,2019.2/4,2019.3/4,2019.3/4,2019.3/4,2019.3/4,2019.3/4,2019.3/4,2019.3/4,2019.3/4,2019.4/4,2019.4/4,2019.4/4,2019.4/4,2019.4/4,2019.4/4,2019.4/4,2019.4/4,2020.1/4,2020.1/4,2020.1/4,2020.1/4,2020.1/4,2020.1/4,2020.1/4,2020.1/4,2020.2/4,2020.2/4,2020.2/4,2020.2/4,2020.2/4,2020.2/4,2020.2/4,2020.2/4,2020.3/4,2020.3/4,2020.3/4,2020.3/4,2020.3/4,2020.3/4,2020.3/4,2020.3/4,2020.4/4,2020.4/4,2020.4/4,2020.4/4,2020.4/4,2020.4/4,2020.4/4,2020.4/4,2021.1/4,2021.1/4,2021.1/4,2021.1/4,2021.1/4,2021.1/4,2021.1/4,2021.1/4,2021.2/4,2021.2/4,2021.2/4,2021.2/4,2021.2/4,2021.2/4,2021.2/4,2021.2/4,2021.3/4,2021.3/4,2021.3/4,2021.3/4,2021.3/4,2021.3/4,2021.3/4,2021.3/4,2021.4/4,2021.4/4,2021.4/4,2021.4/4,2021.4/4,2021.4/4,2021.4/4,2021.4/4,2022.1/4,2022.1/4,2022.1/4,2022.1/4,2022.1/4,2022.1/4,2022.1/4,2022.1/4,2022.2/4,2022.2/4,2022.2/4,2022.2/4,2022.2/4,2022.2/4,2022.2/4,2022.2/4
"연령계층별",인구 (천명),경제활동인구 (천명),취업자 (천명),실업자 (천명),비경제활동인구 (천명),경제활동참가율 (%),실업률 (%),고용률 (%),인구 (천명),경제활동인구 (천명),취업자 (천명),실업자 (천명),비경제활동인구 (천명),경제활동참가율 (%),실업률 (%),고용률 (%),인구 (천명),경제활동인구 (천명),취업자 (천명),실업자 (천명),비경제활동인구 (천명),경제활동참가율 (%),실업률 (%),고용률 (%),인구 (천명),경제활동인구 (천명),취업자 (천명),실업자 (천명),비경제활동인구 (천명),경제활동참가율 (%),실업률 (%),고용률 (%),인구 (천명),경제활동인구 (천명),취업자 (천명),실업자 (천명),비경제활동인구 (천명),경제활동참가율 (%),실업률 (%),고용률 (%),인구 (천명),경제활동인구 (천명),취업자 (천명),실업자 (천명),비경제활동인구 (천명),경제활동참가율 (%),실업률 (%),고용률 (%),인구 (천명),경제활동인구 (천명),취업자 (천명),실업자 (천명),비경제활동인구 (천명),경제활동참가율 (%),실업률 (%),고용률 (%),인구 (천명),경제활동인구 (천명),취업자 (천명),실업자 (천명),비경제활동인구 (천명),경제활동참가율 (%),실업률 (%),고용률 (%),인구 (천명),경제활동인구 (천명),취업자 (천명),실업자 (천명),비경제활동인구 (천명),경제활동참가율 (%),실업률 (%),고용률 (%),인구 (천명),경제활동인구 (천명),취업자 (천명),실업자 (천명),비경제활동인구 (천명),경제활동참가율 (%),실업률 (%),고용률 (%),인구 (천명),경제활동인구 (천명),취업자 (천명),실업자 (천명),비경제활동인구 (천명),경제활동참가율 (%),실업률 (%),고용률 (%),인구 (천명),경제활동인구 (천명),취업자 (천명),실업자 (천명),비경제활동인구 (천명),경제활동참가율 (%),실업률 (%),고용률 (%),인구 (천명),경제활동인구 (천명),취업자 (천명),실업자 (천명),비경제활동인구 (천명),경제활동참가율 (%),실업률 (%),고용률 (%),인구 (천명),경제활동인구 (천명),취업자 (천명),실업자 (천명),비경제활동인구 (천명),경제활동참가율 (%),실업률 (%),고용률 (%),인구 (천명),경제활동인구 (천명),취업자 (천명),실업자 (천명),비경제활동인구 (천명),경제활동참가율 (%),실업률 (%),고용률 (%),인구 (천명),경제활동인구 (천명),취업자 (천명),실업자 (천명),비경제활동인구 (천명),경제활동참가율 (%),실업률 (%),고용률 (%),인구 (천명),경제활동인구 (천명),취업자 (천명),실업자 (천명),비경제활동인구 (천명),경제활동참가율 (%),실업률 (%),고용률 (%),인구 (천명),경제활동인구 (천명),취업자 (천명),실업자 (천명),비경제활동인구 (천명),경제활동참가율 (%),실업률 (%),고용률 (%),인구 (천명),경제활동인구 (천명),취업자 (천명),실업자 (천명),비경제활동인구 (천명),경제활동참가율 (%),실업률 (%),고용률 (%),인구 (천명),경제활동인구 (천명),취업자 (천명),실업자 (천명),비경제활동인구 (천명),경제활동참가율 (%),실업률 (%),고용률 (%),인구 (천명),경제활동인구 (천명),취업자 (천명),실업자 (천명),비경제활동인구 (천명),경제활동참가율 (%),실업률 (%),고용률 (%),인구 (천명),경제활동인구 (천명),취업자 (천명),실업자 (천명),비경제활동인구 (천명),경제활동참가율 (%),실업률 (%),고용률 (%),인구 (천명),경제활동인구 (천명),취업자 (천명),실업자 (천명),비경제활동인구 (천명),경제활동참가율 (%),실업률 (%),고용률 (%),인구 (천명),경제활동인구 (천명),취업자 (천명),실업자 (천명),비경제활동인구 (천명),경제활동참가율 (%),실업률 (%),고용률 (%),인구 (천명),경제활동인구 (천명),취업자 (천명),실업자 (천명),비경제활동인구 (천명),경제활동참가율 (%),실업률 (%),고용률 (%),인구 (천명),경제활동인구 (천명),취업자 (천명),실업자 (천명),비경제활동인구 (천명),경제활동참가율 (%),실업률 (%),고용률 (%),인구 (천명),경제활동인구 (천명),취업자 (천명),실업자 (천명),비경제활동인구 (천명),경제활동참가율 (%),실업률 (%),고용률 (%),인구 (천명),경제활동인구 (천명),취업자 (천명),실업자 (천명),비경제활동인구 (천명),경제활동참가율 (%),실업률 (%),고용률 (%),인구 (천명),경제활동인구 (천명),취업자 (천명),실업자 (천명),비경제활동인구 (천명),경제활동참가율 (%),실업률 (%),고용률 (%),인구 (천명),경제활동인구 (천명),취업자 (천명),실업자 (천명),비경제활동인구 (천명),경제활동참가율 (%),실업률 (%),고용률 (%),인구 (천명),경제활동인구 (천명),취업자 (천명),실업자 (천명),비경제활동인구 (천명),경제활동참가율 (%),실업률 (%),고용률 (%),인구 (천명),경제활동인구 (천명),취업자 (천명),실업자 (천명),비경제활동인구 (천명),경제활동참가율 (%),실업률 (%),고용률 (%),인구 (천명),경제활동인구 (천명),취업자 (천명),실업자 (천명),비경제활동인구 (천명),경제활동참가율 (%),실업률 (%),고용률 (%),인구 (천명),경제활동인구 (천명),취업자 (천명),실업자 (천명),비경제활동인구 (천명),경제활동참가율 (%),실업률 (%),고용률 (%),인구 (천명),경제활동인구 (천명),취업자 (천명),실업자 (천명),비경제활동인구 (천명),경제활동참가율 (%),실업률 (%),고용률 (%),인구 (천명),경제활동인구 (천명),취업자 (천명),실업자 (천명),비경제활동인구 (천명),경제활동참가율 (%),실업률 (%),고용률 (%),인구 (천명),경제활동인구 (천명),취업자 (천명),실업자 (천명),비경제활동인구 (천명),경제활동참가율 (%),실업률 (%),고용률 (%),인구 (천명),경제활동인구 (천명),취업자 (천명),실업자 (천명),비경제활동인구 (천명),경제활동참가율 (%),실업률 (%),고용률 (%),인구 (천명),경제활동인구 (천명),취업자 (천명),실업자 (천명),비경제활동인구 (천명),경제활동참가율 (%),실업률 (%),고용률 (%),인구 (천명),경제활동인구 (천명),취업자 (천명),실업자 (천명),비경제활동인구 (천명),경제활동참가율 (%),실업률 (%),고용률 (%),인구 (천명),경제활동인구 (천명),취업자 (천명),실업자 (천명),비경제활동인구 (천명),경제활동참가율 (%),실업률 (%),고용률 (%),인구 (천명),경제활동인구 (천명),취업자 (천명),실업자 (천명),비경제활동인구 (천명),경제활동참가율 (%),실업률 (%),고용률 (%),인구 (천명),경제활동인구 (천명),취업자 (천명),실업자 (천명),비경제활동인구 (천명),경제활동참가율 (%),실업률 (%),고용률 (%),인구 (천명),경제활동인구 (천명),취업자 (천명),실업자 (천명),비경제활동인구 (천명),경제활동참가율 (%),실업률 (%),고용률 (%),인구 (천명),경제활동인구 (천명),취업자 (천명),실업자 (천명),비경제활동인구 (천명),경제활동참가율 (%),실업률 (%),고용률 (%),인구 (천명),경제활동인구 (천명),취업자 (천명),실업자 (천명),비경제활동인구 (천명),경제활동참가율 (%),실업률 (%),고용률 (%),인구 (천명),경제활동인구 (천명),취업자 (천명),실업자 (천명),비경제활동인구 (천명),경제활동참가율 (%),실업률 (%),고용률 (%),인구 (천명),경제활동인구 (천명),취업자 (천명),실업자 (천명),비경제활동인구 (천명),경제활동참가율 (%),실업률 (%),고용률 (%),인구 (천명),경제활동인구 (천명),취업자 (천명),실업자 (천명),비경제활동인구 (천명),경제활동참가율 (%),실업률 (%),고용률 (%),인구 (천명),경제활동인구 (천명),취업자 (천명),실업자 (천명),비경제활동인구 (천명),경제활동참가율 (%),실업률 (%),고용률 (%),인구 (천명),경제활동인구 (천명),취업자 (천명),실업자 (천명),비경제활동인구 (천명),경제활동참가율 (%),실업률 (%),고용률 (%),인구 (천명),경제활동인구 (천명),취업자 (천명),실업자 (천명),비경제활동인구 (천명),경제활동참가율 (%),실업률 (%),고용률 (%),인구 (천명),경제활동인구 (천명),취업자 (천명),실업자 (천명),비경제활동인구 (천명),경제활동참가율 (%),실업률 (%),고용률 (%),인구 (천명),경제활동인구 (천명),취업자 (천명),실업자 (천명),비경제활동인구 (천명),경제활동참가율 (%),실업률 (%),고용률 (%),인구 (천명),경제활동인구 (천명),취업자 (천명),실업자 (천명),비경제활동인구 (천명),경제활동참가율 (%),실업률 (%),고용률 (%),인구 (천명),경제활동인구 (천명),취업자 (천명),실업자 (천명),비경제활동인구 (천명),경제활동참가율 (%),실업률 (%),고용률 (%),인구 (천명),경제활동인구 (천명),취업자 (천명),실업자 (천명),비경제활동인구 (천명),경제활동참가율 (%),실업률 (%),고용률 (%),인구 (천명),경제활동인구 (천명),취업자 (천명),실업자 (천명),비경제활동인구 (천명),경제활동참가율 (%),실업률 (%),고용률 (%),인구 (천명),경제활동인구 (천명),취업자 (천명),실업자 (천명),비경제활동인구 (천명),경제활동참가율 (%),실업률 (%),고용률 (%),인구 (천명),경제활동인구 (천명),취업자 (천명),실업자 (천명),비경제활동인구 (천명),경제활동참가율 (%),실업률 (%),고용률 (%),인구 (천명),경제활동인구 (천명),취업자 (천명),실업자 (천명),비경제활동인구 (천명),경제활동참가율 (%),실업률 (%),고용률 (%),인구 (천명),경제활동인구 (천명),취업자 (천명),실업자 (천명),비경제활동인구 (천명),경제활동참가율 (%),실업률 (%),고용률 (%),인구 (천명),경제활동인구 (천명),취업자 (천명),실업자 (천명),비경제활동인구 (천명),경제활동참가율 (%),실업률 (%),고용률 (%),인구 (천명),경제활동인구 (천명),취업자 (천명),실업자 (천명),비경제활동인구 (천명),경제활동참가율 (%),실업률 (%),고용률 (%),인구 (천명),경제활동인구 (천명),취업자 (천명),실업자 (천명),비경제활동인구 (천명),경제활동참가율 (%),실업률 (%),고용률 (%),인구 (천명),경제활동인구 (천명),취업자 (천명),실업자 (천명),비경제활동인구 (천명),경제활동참가율 (%),실업률 (%),고용률 (%),인구 (천명),경제활동인구 (천명),취업자 (천명),실업자 (천명),비경제활동인구 (천명),경제활동참가율 (%),실업률 (%),고용률 (%),인구 (천명),경제활동인구 (천명),취업자 (천명),실업자 (천명),비경제활동인구 (천명),경제활동참가율 (%),실업률 (%),고용률 (%),인구 (천명),경제활동인구 (천명),취업자 (천명),실업자 (천명),비경제활동인구 (천명),경제활동참가율 (%),실업률 (%),고용률 (%),인구 (천명),경제활동인구 (천명),취업자 (천명),실업자 (천명),비경제활동인구 (천명),경제활동참가율 (%),실업률 (%),고용률 (%),인구 (천명),경제활동인구 (천명),취업자 (천명),실업자 (천명),비경제활동인구 (천명),경제활동참가율 (%),실업률 (%),고용률 (%),인구 (천명),경제활동인구 (천명),취업자 (천명),실업자 (천명),비경제활동인구 (천명),경제활동참가율 (%),실업률 (%),고용률 (%),인구 (천명),경제활동인구 (천명),취업자 (천명),실업자 (천명),비경제활동인구 (천명),경제활동참가율 (%),실업률 (%),고용률 (%),인구 (천명),경제활동인구 (천명),취업자 (천명),실업자 (천명),비경제활동인구 (천명),경제활동참가율 (%),실업률 (%),고용률 (%)
"15세 이상 전체",37642,23139,22205,934,14503,61.5,4.0,59.0,37726,23717,22884,834,14009,62.9,3.5,60.7,37820,23626,22790,836,14194,62.5,3.5,60.3,37898,23692,22849,843,14206,62.5,3.6,60.3,37974,23273,22294,979,14701,61.3,4.2,58.7,38055,23949,23072,877,14106,62.9,3.7,60.6,38160,23825,22960,864,14336,62.4,3.6,60.2,38290,23827,22998,829,14463,62.2,3.5,60.1,38423,23501,22578,923,14922,61.2,3.9,58.8,38562,24242,23421,821,14320,62.9,3.4,60.7,38707,24168,23360,809,14539,62.4,3.3,60.3,38835,24183,23393,790,14652,62.3,3.3,60.2,38965,23817,22957,860,15148,61.1,3.6,58.9,39099,24601,23804,797,14498,62.9,3.2,60.9,39249,24501,23735,765,14748,62.4,3.1,60.5,39406,24487,23748,739,14920,62.1,3.0,60.3,39563,24041,23232,809,15522,60.8,3.4,58.7,39709,24849,24075,774,14860,62.6,3.1,60.6,39852,24715,23958,757,15137,62.0,3.1,60.1,39978,24597,23834,763,15380,61.5,3.1,59.6,40121,24009,23092,917,16113,59.8,3.8,57.6,40237,24870,23921,949,15367,61.8,3.8,59.4,40365,24818,23929,889,15547,61.5,3.6,59.3,40481,24631,23809,822,15850,60.8,3.3,58.8,40631,24348,23216,1132,16283,59.9,4.6,57.1,40746,25233,24362,871,15514,61.9,3.5,59.8,40888,25207,24328,879,15681,61.6,3.5,59.5,41034,25039,24225,814,15994,61.0,3.3,59.0,41187,24750,23714,1036,16438,60.1,4.2,57.6,41331,25733,24861,872,15597,62.3,3.4,60.2,41456,25570,24774,796,15887,61.7,3.1,59.8,41574,25504,24757,747,16070,61.3,2.9,59.5,41698,25177,24223,954,16521,60.4,3.8,58.1,41807,26148,25300,848,15659,62.5,3.2,60.5,41908,26029,25252,777,15880,62.1,3.0,60.3,42014,25770,25045,726,16244,61.3,2.8,59.6,42132,25321,24412,909,16811,60.1,3.6,57.9,42236,26352,25539,813,15884,62.4,3.1,60.5,42359,26409,25632,777,15950,62.3,2.9,60.5,42488,26348,25614,734,16141,62.0,2.8,60.3,42614,26241,25210,1031,16374,61.6,3.9,59.2,42740,27072,26092,980,15669,63.3,3.6,61.0,42860,27112,26226,886,15748,63.3,3.3,61.2,42967,26919,26062,857,16048,62.7,3.2,60.7,43080,26630,25543,1088,16449,61.8,4.1,59.3,43194,27382,26341,1040,15813,63.4,3.8,61.0,43297,27395,26465,930,15902,63.3,3.4,61.1,43387,27207,26362,845,16180,62.7,3.1,60.8,43472,26896,25747,1149,16576,61.9,4.3,59.2,43569,27578,26552,1027,15991,63.3,3.7,60.9,43652,27702,26719,983,15950,63.5,3.5,61.2,43730,27497,26618,878,16233,62.9,3.2,60.9,43818,27262,26100,1162,16556,62.2,4.3,59.6,43899,27993,26919,1074,15906,63.8,3.8,61.3,43967,27961,26998,963,16006,63.6,3.4,61.4,44038,27775,26883,892,16263,63.1,3.2,61.0,44088,27464,26283,1181,16624,62.3,4.3,59.6,44141,28125,27019,1105,16017,63.7,3.9,61.2,44212,28080,27015,1065,16131,63.5,3.8,61.1,44287,27912,26971,942,16375,63.0,3.4,60.9,44370,27702,26461,1241,16668,62.4,4.5,59.6,44466,28432,27256,1176,16034,63.9,4.1,61.3,44550,28328,27382,946,16222,63.6,3.3,61.5,44629,28283,27393,891,16346,63.4,3.1,61.4,44692,27911,26749,1162,16781,62.5,4.2,59.9,44752,28075,26849,1226,16677,62.7,4.4,60.0,44812,28068,27068,1001,16744,62.6,3.6,60.4,44884,27995,26952,1043,16889,62.4,3.7,60.0,44987,27748,26369,1380,17239,61.7,5.0,58.6,45048,28596,27467,1129,16452,63.5,3.9,61.0,45106,28451,27645,807,16655,63.1,2.8,61.3,45178,28445,27611,833,16734,63.0,2.9,61.1,45211,28360,27369,990,16851,62.7,3.5,60.5,45242,29227,28347,880,16015,64.6,3.0,62.7
"15 - 19세",3086,332,278,54,2754,10.8,16.2,9.0,3059,266,229,37,2793,8.7,13.9,7.5,3043,315,278,37,2728,10.4,11.7,9.1,3036,287,247,40,2748,9.5,14.0,8.1,3028,312,261,51,2717,10.3,16.2,8.6,3022,267,236,31,2755,8.8,11.5,7.8,3021,292,262,30,2730,9.6,10.3,8.7,3027,230,206,24,2797,7.6,10.5,6.8,3022,268,238,29,2755,8.9,10.9,7.9,3029,215,196,20,2814,7.1,9.1,6.5,3044,235,215,20,2809,7.7,8.5,7.1,3064,196,169,27,2868,6.4,13.7,5.5,3085,249,225,24,2836,8.1,9.6,7.3,3105,206,191,16,2899,6.6,7.5,6.1,3128,251,225,27,2877,8.0,10.5,7.2,3153,196,178,18,2958,6.2,9.2,5.6,3178,228,209,19,2950,7.2,8.5,6.6,3202,213,192,21,2990,6.6,9.9,6.0,3226,232,208,24,2994,7.2,10.2,6.4,3248,168,146,22,3080,5.2,13.0,4.5,3271,207,178,29,3064,6.3,13.8,5.5,3292,190,166,24,3102,5.8,12.5,5.1,3310,226,202,25,3084,6.8,11.0,6.1,3325,191,168,23,3133,5.8,12.0,5.1,3342,246,209,37,3096,7.4,15.0,6.3,3356,216,187,29,3140,6.4,13.5,5.6,3369,253,231,22,3116,7.5,8.5,6.9,3379,222,198,23,3157,6.6,10.6,5.9,3355,285,249,36,3070,8.5,12.7,7.4,3364,226,206,21,3138,6.7,9.1,6.1,3364,280,249,32,3085,8.3,11.3,7.4,3357,231,209,22,3125,6.9,9.6,6.2,3350,266,238,28,3083,8.0,10.6,7.1,3341,244,226,18,3097,7.3,7.4,6.8,3328,276,252,24,3052,8.3,8.6,7.6,3313,236,215,21,3077,7.1,8.8,6.5,3299,276,249,27,3023,8.4,9.7,7.6,3283,220,195,25,3064,6.7,11.2,5.9,3266,264,237,27,3002,8.1,10.3,7.3,3246,243,218,25,3004,7.5,10.2,6.7,3226,300,264,36,2926,9.3,11.9,8.2,3205,248,230,18,2957,7.7,7.3,7.2,3186,288,264,24,2898,9.0,8.3,8.3,3169,246,223,23,2923,7.7,9.2,7.0,3152,290,257,32,2862,9.2,11.1,8.2,3135,264,237,28,2871,8.4,10.4,7.5,3115,292,259,34,2823,9.4,11.6,8.3,3093,250,228,22,2843,8.1,8.9,7.4,3107,291,254,37,2817,9.4,12.6,8.2,3085,261,233,28,2824,8.5,10.7,7.6,3055,284,261,23,2771,9.3,8.1,8.5,3018,249,227,21,2769,8.2,8.5,7.5,2981,290,260,30,2691,9.7,10.3,8.7,2944,290,265,24,2654,9.8,8.4,9.0,2903,281,256,25,2622,9.7,9.0,8.8,2861,220,206,14,2642,7.7,6.4,7.2,2818,255,226,29,2563,9.1,11.5,8.0,2775,220,201,19,2555,7.9,8.7,7.2,2738,231,209,22,2507,8.5,9.6,7.6,2705,196,183,13,2509,7.2,6.6,6.8,2672,236,208,27,2436,8.8,11.6,7.8,2640,226,208,18,2414,8.6,8.0,7.9,2601,212,194,19,2388,8.2,8.8,7.4,2558,193,183,11,2365,7.6,5.5,7.1,2515,205,183,22,2310,8.2,10.8,7.3,2472,170,156,14,2301,6.9,8.2,6.3,2430,183,166,16,2248,7.5,8.9,6.8,2391,152,142,10,2239,6.4,6.4,6.0,2356,180,157,22,2176,7.6,12.4,6.7,2317,209,189,19,2109,9.0,9.3,8.2,2294,194,179,14,2100,8.4,7.3,7.8,2279,169,159,10,2110,7.4,5.9,7.0,2259,211,189,22,2048,9.4,10.4,8.4,2243,198,187,11,2044,8.8,5.6,8.4
"20 - 29세",7167,4769,4349,420,2398,66.5,8.8,60.7,7124,4754,4387,367,2371,66.7,7.7,61.6,7090,4681,4343,338,2409,66.0,7.2,61.3,7043,4687,4329,358,2356,66.6,7.6,61.5,6993,4672,4272,400,2321,66.8,8.6,61.1,6949,4626,4277,349,2323,66.6,7.5,61.5,6914,4569,4229,340,2345,66.1,7.4,61.2,6889,4531,4198,333,2357,65.8,7.4,60.9,6883,4513,4138,376,2369,65.6,8.3,60.1,6865,4485,4142,343,2380,65.3,7.6,60.3,6851,4470,4131,339,2381,65.2,7.6,60.3,6822,4431,4094,337,2391,65.0,7.6,60.0,6796,4404,4076,328,2391,64.8,7.5,60.0,6772,4397,4079,318,2375,64.9,7.2,60.2,6751,4356,4055,302,2395,64.5,6.9,60.1,6726,4334,4038,296,2393,64.4,6.8,60.0,6701,4289,3976,313,2413,64.0,7.3,59.3,6668,4300,3989,311,2368,64.5,7.2,59.8,6641,4233,3951,282,2408,63.7,6.7,59.5,6609,4162,3882,280,2447,63.0,6.7,58.7,6591,4116,3774,342,2475,62.5,8.3,57.3,6551,4221,3893,328,2330,64.4,7.8,59.4,6515,4144,3818,325,2371,63.6,7.9,58.6,6463,4064,3767,297,2399,62.9,7.3,58.3,6438,4088,3719,369,2350,63.5,9.0,57.8,6386,4091,3790,301,2295,64.1,7.4,59.3,6351,4020,3719,300,2332,63.3,7.5,58.6,6317,3939,3666,274,2378,62.4,6.9,58.0,6350,3979,3640,339,2371,62.7,8.5,57.3,6314,4025,3711,314,2289,63.7,7.8,58.8,6280,3974,3717,256,2307,63.3,6.4,59.2,6256,3916,3647,270,2340,62.6,6.9,58.3,6236,3945,3628,317,2291,63.3,8.0,58.2,6206,3983,3661,322,2223,64.2,8.1,59.0,6181,3881,3622,259,2300,62.8,6.7,58.6,6171,3768,3508,260,2403,61.1,6.9,56.8,6170,3758,3448,311,2412,60.9,8.3,55.9,6158,3824,3531,293,2334,62.1,7.7,57.3,6162,3822,3529,293,2340,62.0,7.7,57.3,6174,3803,3507,296,2370,61.6,7.8,56.8,6183,3880,3505,374,2303,62.8,9.6,56.7,6192,3919,3545,374,2273,63.3,9.5,57.3,6204,3949,3608,340,2256,63.6,8.6,58.2,6216,3888,3567,321,2328,62.5,8.3,57.4,6232,3951,3547,404,2282,63.4,10.2,56.9,6250,4019,3624,395,2230,64.3,9.8,58.0,6265,3984,3658,326,2281,63.6,8.2,58.4,6278,3963,3649,315,2315,63.1,7.9,58.1,6273,4032,3581,451,2241,64.3,11.2,57.1,6291,4123,3698,425,2168,65.5,10.3,58.8,6304,4098,3711,387,2206,65.0,9.4,58.9,6318,3997,3664,333,2320,63.3,8.3,58.0,6340,4023,3590,433,2316,63.5,10.8,56.6,6356,4127,3697,431,2228,64.9,10.4,58.2,6364,4089,3709,380,2275,64.3,9.3,58.3,6379,4011,3645,366,2368,62.9,9.1,57.1,6380,4054,3651,404,2325,63.6,10.0,57.2,6383,4110,3693,417,2273,64.4,10.2,57.9,6393,4114,3729,385,2279,64.3,9.4,58.3,6403,4067,3725,342,2336,63.5,8.4,58.2,6417,4084,3691,393,2333,63.6,9.6,57.5,6439,4163,3716,448,2275,64.7,10.8,57.7,6452,4116,3783,333,2336,63.8,8.1,58.6,6463,4095,3799,296,2369,63.3,7.2,58.8,6463,3993,3645,349,2469,61.8,8.7,56.4,6459,3971,3568,403,2489,61.5,10.1,55.2,6455,3961,3615,346,2494,61.4,8.7,56.0,6458,3896,3575,322,2562,60.3,8.3,55.3,6485,3953,3568,385,2532,61.0,9.7,55.0,6481,4095,3710,385,2386,63.2,9.4,57.3,6450,4028,3784,244,2422,62.4,6.1,58.7,6418,3986,3763,224,2432,62.1,5.6,58.6,6398,4053,3789,263,2346,63.3,6.5,59.2,6350,4178,3875,303,2172,65.8,7.3,61.0
"30 - 39세",8599,6427,6232,195,2172,74.7,3.0,72.5,8608,6500,6311,189,2108,75.5,2.9,73.3,8609,6440,6234,207,2169,74.8,3.2,72.4,8599,6440,6237,204,2159,74.9,3.2,72.5,8590,6375,6149,226,2215,74.2,3.5,71.6,8580,6440,6238,203,2140,75.1,3.2,72.7,8570,6391,6180,211,2179,74.6,3.3,72.1,8561,6472,6262,211,2089,75.6,3.3,73.1,8550,6413,6194,219,2137,75.0,3.4,72.4,8541,6493,6312,181,2048,76.0,2.8,73.9,8530,6442,6247,195,2088,75.5,3.0,73.2,8515,6436,6253,183,2079,75.6,2.8,73.4,8500,6356,6134,222,2145,74.8,3.5,72.2,8485,6416,6207,209,2069,75.6,3.3,73.2,8471,6369,6175,194,2102,75.2,3.0,72.9,8455,6421,6235,187,2034,75.9,2.9,73.7,8440,6329,6132,197,2111,75.0,3.1,72.7,8424,6400,6209,191,2024,76.0,3.0,73.7,8398,6295,6099,196,2103,75.0,3.1,72.6,8363,6298,6094,205,2064,75.3,3.2,72.9,8329,6149,5917,231,2180,73.8,3.8,71.0,8293,6173,5933,240,2120,74.4,3.9,71.5,8268,6095,5880,215,2173,73.7,3.5,71.1,8253,6121,5917,205,2131,74.2,3.3,71.7,8240,6109,5872,237,2131,74.1,3.9,71.3,8224,6153,5934,220,2071,74.8,3.6,72.1,8210,6138,5921,216,2073,74.8,3.5,72.1,8196,6152,5954,197,2045,75.1,3.2,72.6,8166,6082,5841,240,2085,74.5,3.9,71.5,8152,6141,5927,214,2011,75.3,3.5,72.7,8137,6039,5847,192,2098,74.2,3.2,71.9,8121,6077,5903,174,2044,74.8,2.9,72.7,8106,6011,5816,195,2096,74.2,3.2,71.7,8090,6084,5892,192,2006,75.2,3.2,72.8,8068,6085,5915,170,1983,75.4,2.8,73.3,8041,6075,5909,166,1966,75.5,2.7,73.5,8014,5984,5785,199,2031,74.7,3.3,72.2,7987,6051,5868,183,1936,75.8,3.0,73.5,7956,6027,5854,173,1930,75.7,2.9,73.6,7923,6014,5855,159,1909,75.9,2.6,73.9,7889,5963,5773,191,1926,75.6,3.2,73.2,7855,6023,5818,205,1833,76.7,3.4,74.1,7821,6012,5828,183,1809,76.9,3.1,74.5,7787,5966,5800,166,1820,76.6,2.8,74.5,7753,5925,5740,186,1827,76.4,3.1,74.0,7719,5920,5723,197,1799,76.7,3.3,74.1,7688,5907,5728,179,1781,76.8,3.0,74.5,7660,5892,5724,168,1768,76.9,2.8,74.7,7637,5874,5688,186,1764,76.9,3.2,74.5,7610,5860,5675,185,1750,77.0,3.2,74.6,7584,5843,5658,186,1740,77.1,3.2,74.6,7558,5847,5665,182,1712,77.4,3.1,75.0,7534,5846,5635,211,1688,77.6,3.6,74.8,7509,5850,5648,201,1660,77.9,3.4,75.2,7481,5815,5640,175,1667,77.7,3.0,75.4,7452,5821,5649,172,1631,78.1,3.0,75.8,7421,5798,5607,191,1623,78.1,3.3,75.6,7390,5827,5616,212,1563,78.9,3.6,76.0,7363,5756,5549,207,1607,78.2,3.6,75.4,7337,5728,5557,171,1609,78.1,3.0,75.7,7314,5692,5499,193,1621,77.8,3.4,75.2,7292,5771,5551,220,1521,79.1,3.8,76.1,7261,5717,5534,182,1544,78.7,3.2,76.2,7224,5697,5533,164,1527,78.9,2.9,76.6,7185,5654,5476,178,1532,78.7,3.2,76.2,7147,5575,5367,207,1572,78.0,3.7,75.1,7108,5488,5307,181,1621,77.2,3.3,74.7,7071,5518,5306,211,1553,78.0,3.8,75.0,7035,5473,5249,225,1562,77.8,4.1,74.6,6996,5455,5274,181,1541,78.0,3.3,75.4,6965,5382,5232,149,1584,77.3,2.8,75.1,6940,5424,5272,153,1515,78.2,2.8,76.0,6900,5416,5275,141,1484,78.5,2.6,76.5,6866,5463,5293,170,1403,79.6,3.1,77.1
"40 - 49세",8003,6274,6115,159,1728,78.4,2.5,76.4,8053,6417,6279,138,1636,79.7,2.1,78.0,8091,6404,6252,152,1686,79.2,2.4,77.3,8114,6458,6316,142,1656,79.6,2.2,77.8,8136,6357,6175,182,1780,78.1,2.9,75.9,8159,6516,6352,163,1644,79.9,2.5,77.9,8186,6484,6325,160,1702,79.2,2.5,77.3,8215,6529,6378,151,1687,79.5,2.3,77.6,8245,6482,6317,166,1762,78.6,2.6,76.6,8274,6635,6480,155,1639,80.2,2.3,78.3,8300,6609,6458,151,1691,79.6,2.3,77.8,8321,6651,6515,137,1669,79.9,2.1,78.3,8341,6609,6457,152,1732,79.2,2.3,77.4,8362,6742,6611,131,1620,80.6,1.9,79.1,8383,6688,6556,133,1695,79.8,2.0,78.2,8405,6747,6620,127,1658,80.3,1.9,78.8,8426,6682,6522,161,1744,79.3,2.4,77.4,8447,6809,6670,139,1638,80.6,2.0,79.0,8467,6788,6649,139,1679,80.2,2.0,78.5,8486,6815,6680,135,1671,80.3,2.0,78.7,8505,6707,6539,169,1798,78.9,2.5,76.9,8524,6836,6657,179,1688,80.2,2.6,78.1,8535,6797,6635,162,1738,79.6,2.4,77.7,8538,6801,6647,153,1737,79.7,2.3,77.9,8542,6723,6528,195,1819,78.7,2.9,76.4,8545,6867,6710,156,1678,80.4,2.3,78.5,8549,6847,6679,168,1702,80.1,2.5,78.1,8555,6858,6705,153,1697,80.2,2.2,78.4,8555,6778,6609,169,1777,79.2,2.5,77.2,8560,6920,6773,147,1640,80.8,2.1,79.1,8570,6869,6729,140,1701,80.1,2.0,78.5,8584,6896,6763,133,1689,80.3,1.9,78.8,8599,6828,6661,167,1771,79.4,2.4,77.5,8613,6949,6812,137,1664,80.7,2.0,79.1,8620,6897,6761,136,1723,80.0,2.0,78.4,8619,6882,6758,124,1737,79.9,1.8,78.4,8618,6800,6654,146,1819,78.9,2.1,77.2,8617,6927,6778,148,1691,80.4,2.1,78.7,8632,6925,6791,134,1708,80.2,1.9,78.7,8663,6980,6863,117,1683,80.6,1.7,79.2,8693,6996,6837,159,1698,80.5,2.3,78.6,8724,7089,6917,172,1634,81.3,2.4,79.3,8736,7053,6903,150,1683,80.7,2.1,79.0,8730,7079,6928,151,1651,81.1,2.1,79.4,8725,6991,6822,169,1733,80.1,2.4,78.2,8719,7089,6915,174,1630,81.3,2.5,79.3,8706,7068,6903,165,1639,81.2,2.3,79.3,8686,7069,6927,143,1617,81.4,2.0,79.7,8651,6971,6802,169,1680,80.6,2.4,78.6,8631,6992,6842,150,1639,81.0,2.1,79.3,8611,6997,6853,144,1614,81.3,2.1,79.6,8592,6964,6833,131,1628,81.1,1.9,79.5,8573,6926,6761,165,1646,80.8,2.4,78.9,8553,6959,6794,165,1594,81.4,2.4,79.4,8531,6935,6798,137,1596,81.3,2.0,79.7,8508,6902,6778,124,1606,81.1,1.8,79.7,8484,6849,6676,174,1634,80.7,2.5,78.7,8460,6863,6693,170,1596,81.1,2.5,79.1,8424,6830,6655,175,1594,81.1,2.6,79.0,8383,6793,6640,153,1590,81.0,2.3,79.2,8343,6696,6522,175,1647,80.3,2.6,78.2,8305,6674,6511,163,1631,80.4,2.4,78.4,8284,6634,6493,141,1649,80.1,2.1,78.4,8271,6620,6489,132,1651,80.0,2.0,78.4,8258,6574,6419,155,1684,79.6,2.4,77.7,8244,6511,6326,185,1733,79.0,2.8,76.7,8226,6477,6319,158,1749,78.7,2.4,76.8,8207,6476,6319,158,1731,78.9,2.4,77.0,8190,6441,6265,176,1749,78.6,2.7,76.5,8170,6499,6324,175,1671,79.6,2.7,77.4,8154,6461,6333,128,1694,79.2,2.0,77.7,8142,6451,6321,130,1691,79.2,2.0,77.6,8116,6433,6293,141,1683,79.3,2.2,77.5,8099,6483,6342,141,1616,80.0,2.2,78.3
"50 - 59세",4782,3254,3175,79,1528,68.0,2.4,66.4,4829,3395,3319,75,1434,70.3,2.2,68.7,4888,3408,3332,76,1480,69.7,2.2,68.2,4960,3492,3415,77,1468,70.4,2.2,68.8,5031,3430,3337,93,1602,68.2,2.7,66.3,5103,3615,3524,91,1488,70.8,2.5,69.1,5179,3645,3551,94,1534,70.4,2.6,68.6,5260,3701,3617,84,1559,70.4,2.3,68.8,5337,3645,3548,97,1692,68.3,2.7,66.5,5418,3858,3777,82,1560,71.2,2.1,69.7,5491,3861,3789,71,1630,70.3,1.8,69.0,5556,3923,3844,78,1633,70.6,2.0,69.2,5620,3858,3765,93,1763,68.6,2.4,67.0,5685,4107,4016,91,1578,72.2,2.2,70.6,5757,4139,4061,78,1618,71.9,1.9,70.5,5836,4181,4104,76,1655,71.6,1.8,70.3,5914,4129,4048,81,1785,69.8,2.0,68.4,5993,4373,4293,80,1620,73.0,1.8,71.6,6073,4400,4310,90,1673,72.4,2.0,71.0,6156,4464,4371,93,1692,72.5,2.1,71.0,6239,4392,4285,107,1847,70.4,2.4,68.7,6321,4601,4475,126,1720,72.8,2.7,70.8,6410,4646,4529,117,1764,72.5,2.5,70.7,6504,4707,4603,104,1797,72.4,2.2,70.8,6599,4683,4534,149,1916,71.0,3.2,68.7,6694,4931,4827,104,1763,73.7,2.1,72.1,6801,4968,4854,114,1833,73.0,2.3,71.4,6920,5053,4939,115,1867,73.0,2.3,71.4,7035,5017,4882,134,2019,71.3,2.7,69.4,7154,5315,5207,108,1839,74.3,2.0,72.8,7248,5304,5194,110,1944,73.2,2.1,71.7,7317,5392,5297,95,1925,73.7,1.8,72.4,7387,5350,5224,126,2037,72.4,2.4,70.7,7455,5572,5458,113,1884,74.7,2.0,73.2,7529,5581,5457,124,1949,74.1,2.2,72.5,7609,5626,5523,104,1982,73.9,1.8,72.6,7688,5573,5444,129,2115,72.5,2.3,70.8,7767,5856,5749,107,1911,75.4,1.8,74.0,7834,5885,5778,107,1949,75.1,1.8,73.8,7887,5933,5844,90,1953,75.2,1.5,74.1,7940,5923,5791,132,2017,74.6,2.2,72.9,7993,6128,5985,143,1865,76.7,2.3,74.9,8037,6124,5993,131,1912,76.2,2.1,74.6,8071,6158,6020,138,1914,76.3,2.2,74.6,8106,6102,5943,159,2004,75.3,2.6,73.3,8141,6251,6089,162,1890,76.8,2.6,74.8,8175,6254,6107,147,1921,76.5,2.4,74.7,8208,6253,6133,119,1955,76.2,1.9,74.7,8230,6164,6006,158,2067,74.9,2.6,73.0,8263,6308,6160,148,1956,76.3,2.3,74.5,8291,6339,6190,148,1953,76.4,2.3,74.7,8314,6369,6243,126,1945,76.6,2.0,75.1,8337,6321,6183,138,2016,75.8,2.2,74.2,8360,6472,6319,153,1888,77.4,2.4,75.6,8380,6477,6329,148,1903,77.3,2.3,75.5,8397,6496,6377,119,1901,77.4,1.8,75.9,8412,6411,6250,161,2000,76.2,2.5,74.3,8426,6553,6381,172,1873,77.8,2.6,75.7,8451,6524,6355,170,1927,77.2,2.6,75.2,8481,6550,6398,152,1931,77.2,2.3,75.4,8512,6528,6331,197,1983,76.7,3.0,74.4,8543,6656,6481,175,1887,77.9,2.6,75.9,8554,6632,6476,156,1923,77.5,2.3,75.7,8555,6633,6487,146,1922,77.5,2.2,75.8,8555,6542,6346,196,2013,76.5,3.0,74.2,8555,6570,6338,231,1986,76.8,3.5,74.1,8552,6535,6365,171,2017,76.4,2.6,74.4,8548,6543,6376,167,2006,76.5,2.6,74.6,8545,6472,6248,225,2072,75.7,3.5,73.1,8540,6620,6434,186,1920,77.5,2.8,75.3,8549,6610,6468,143,1939,77.3,2.2,75.7,8565,6665,6538,127,1900,77.8,1.9,76.3,8571,6638,6506,131,1934,77.4,2.0,75.9,8584,6787,6664,123,1797,79.1,1.8,77.6
"60세이상",6006,2083,2055,28,3923,34.7,1.4,34.2,6053,2386,2358,28,3666,39.4,1.2,39.0,6100,2378,2351,27,3722,39.0,1.1,38.5,6147,2328,2306,23,3819,37.9,1.0,37.5,6195,2128,2100,28,4067,34.4,1.3,33.9,6242,2485,2445,41,3757,39.8,1.6,39.2,6290,2444,2413,31,3846,38.9,1.3,38.4,6338,2363,2337,26,3975,37.3,1.1,36.9,6386,2180,2144,36,4206,34.1,1.7,33.6,6434,2556,2515,42,3878,39.7,1.6,39.1,6491,2552,2520,33,3939,39.3,1.3,38.8,6558,2547,2518,29,4011,38.8,1.1,38.4,6624,2342,2301,41,4282,35.4,1.8,34.7,6690,2733,2701,32,3957,40.9,1.2,40.4,6759,2697,2665,33,4062,39.9,1.2,39.4,6831,2608,2573,35,4223,38.2,1.3,37.7,6904,2384,2346,38,4520,34.5,1.6,34.0,6976,2755,2723,33,4220,39.5,1.2,39.0,7047,2767,2741,26,4280,39.3,0.9,38.9,7117,2691,2663,28,4426,37.8,1.1,37.4,7187,2437,2399,39,4750,33.9,1.6,33.4,7258,2849,2797,53,4408,39.3,1.8,38.5,7328,2909,2864,45,4419,39.7,1.5,39.1,7399,2747,2707,40,4653,37.1,1.5,36.6,7470,2499,2354,145,4972,33.4,5.8,31.5,7541,2975,2914,61,4567,39.4,2.0,38.6,7607,2981,2923,59,4626,39.2,2.0,38.4,7667,2816,2764,52,4851,36.7,1.9,36.0,7726,2610,2493,117,5116,33.8,4.5,32.3,7786,3106,3037,69,4680,39.9,2.2,39.0,7857,3105,3038,66,4752,39.5,2.1,38.7,7938,2992,2939,53,4947,37.7,1.8,37.0,8020,2777,2655,122,5244,34.6,4.4,33.1,8102,3317,3251,65,4785,40.9,2.0,40.1,8183,3309,3244,65,4873,40.4,2.0,39.6,8263,3184,3132,52,5080,38.5,1.6,37.9,8343,2932,2833,99,5412,35.1,3.4,34.0,8424,3475,3419,56,4949,41.3,1.6,40.6,8508,3486,3444,42,5022,41.0,1.2,40.5,8596,3375,3327,48,5221,39.3,1.4,38.7,8684,3179,3040,139,5506,36.6,4.4,35.0,8772,3666,3597,68,5107,41.8,1.9,41.0,8875,3686,3629,57,5190,41.5,1.6,40.9,8994,3583,3524,58,5411,39.8,1.6,39.2,9112,3372,3234,138,5741,37.0,4.1,35.5,9231,3839,3754,85,5392,41.6,2.2,40.7,9347,3891,3812,79,5457,41.6,2.0,40.8,9462,3780,3702,78,5682,39.9,2.1,39.1,9573,3566,3417,149,6007,37.2,4.2,35.7,9688,4034,3944,91,5654,41.6,2.3,40.7,9807,4141,4046,95,5666,42.2,2.3,41.3,9931,4071,3986,86,5859,41.0,2.1,40.1,10054,3855,3671,185,6198,38.3,4.8,36.5,10177,4295,4195,101,5882,42.2,2.3,41.2,10306,4364,4266,98,5942,42.3,2.2,41.4,10442,4326,4229,97,6116,41.4,2.2,40.5,10575,4096,3874,222,6479,38.7,5.4,36.6,10708,4551,4435,116,6157,42.5,2.5,41.4,10843,4626,4519,107,6217,42.7,2.3,41.7,10979,4579,4468,111,6400,41.7,2.4,40.7,11114,4466,4209,256,6648,40.2,5.7,37.9,11248,4941,4789,152,6306,43.9,3.1,42.6,11398,5017,4902,115,6381,44.0,2.3,43.0,11557,5045,4902,143,6513,43.7,2.8,42.4,11716,4942,4680,262,6774,42.2,5.3,39.9,11875,5279,5094,185,6596,44.5,3.5,42.9,12040,5424,5295,129,6616,45.1,2.4,44.0,12209,5411,5235,176,6798,44.3,3.3,42.9,12377,5229,4882,346,7148,42.2,6.6,39.4,12544,5718,5535,183,6826,45.6,3.2,44.1,12694,5777,5649,129,6917,45.5,2.2,44.5,12835,5749,5559,190,7085,44.8,3.3,43.3,12967,5609,5317,292,7358,43.3,5.2,41.0,13102,6119,5986,133,6983,46.7,2.2,45.7
"15 - 64세",33584,22054,21129,925,11530,65.7,4.2,62.9,33620,22415,21592,823,11205,66.7,3.7,64.2,33666,22327,21499,828,11340,66.3,3.7,63.9,33697,22427,21591,836,11270,66.6,3.7,64.1,33725,22137,21167,970,11587,65.6,4.4,62.8,33758,22564,21697,867,11194,66.8,3.8,64.3,33814,22468,21613,855,11347,66.4,3.8,63.9,33893,22524,21704,820,11369,66.5,3.6,64.0,33975,22331,21419,912,11644,65.7,4.1,63.0,34062,22793,21985,808,11269,66.9,3.5,64.5,34152,22701,21902,799,11451,66.5,3.5,64.1,34221,22747,21962,785,11474,66.5,3.4,64.2,34293,22520,21672,847,11774,65.7,3.8,63.2,34368,23012,22225,787,11356,67.0,3.4,64.7,34460,22927,22168,759,11533,66.5,3.3,64.3,34561,22981,22252,729,11579,66.5,3.2,64.4,34660,22696,21902,795,11964,65.5,3.5,63.2,34750,23233,22471,762,11517,66.9,3.3,64.7,34840,23090,22344,745,11751,66.3,3.2,64.1,34919,23045,22291,754,11874,66.0,3.3,63.8,35016,22649,21748,901,12367,64.7,4.0,62.1,35085,23207,22279,928,11878,66.1,4.0,63.5,35165,23109,22241,869,12056,65.7,3.8,63.2,35234,23079,22273,806,12155,65.5,3.5,63.2,35336,22992,21947,1045,12344,65.1,4.5,62.1,35404,23519,22670,849,11886,66.4,3.6,64.0,35503,23487,22633,855,12016,66.2,3.6,63.7,35612,23467,22672,795,12145,65.9,3.4,63.7,35729,23353,22390,963,12376,65.4,4.1,62.7,35835,23972,23127,845,11863,66.9,3.5,64.5,35911,23811,23041,771,12099,66.3,3.2,64.2,35966,23850,23124,726,12116,66.3,3.0,64.3,36026,23680,22805,876,12346,65.7,3.7,63.3,36072,24255,23432,823,11818,67.2,3.4,65.0,36111,24116,23364,751,11995,66.8,3.1,64.7,36153,23994,23287,707,12159,66.4,2.9,64.4,36206,23726,22877,849,12480,65.5,3.6,63.2,36247,24356,23564,793,11890,67.2,3.3,65.0,36305,24395,23632,763,11910,67.2,3.1,65.1,36371,24436,23723,714,11935,67.2,2.9,65.2,36433,24490,23548,942,11943,67.2,3.8,64.6,36496,24968,24014,955,11527,68.4,3.8,65.8,36550,24988,24126,862,11562,68.4,3.5,66.0,36591,24917,24087,831,11674,68.1,3.3,65.8,36638,24832,23836,996,11807,67.8,4.0,65.1,36687,25246,24244,1002,11441,68.8,4.0,66.1,36729,25233,24334,898,11497,68.7,3.6,66.3,36766,25169,24356,813,11597,68.5,3.2,66.2,36798,25036,23977,1059,11762,68.0,4.2,65.2,36842,25377,24384,993,11465,68.9,3.9,66.2,36858,25451,24506,945,11407,69.1,3.7,66.5,36857,25345,24499,846,11512,68.8,3.3,66.5,36866,25289,24248,1041,11577,68.6,4.1,65.8,36868,25693,24666,1028,11175,69.7,4.0,66.9,36856,25611,24688,923,11245,69.5,3.6,67.0,36848,25487,24636,851,11361,69.2,3.3,66.9,36819,25347,24316,1031,11473,68.8,4.1,66.0,36794,25665,24607,1058,11129,69.8,4.1,66.9,36787,25575,24550,1025,11211,69.5,4.0,66.7,36785,25471,24571,900,11314,69.2,3.5,66.8,36792,25362,24285,1078,11430,68.9,4.2,66.0,36814,25753,24640,1113,11060,70.0,4.3,66.9,36796,25592,24691,902,11204,69.6,3.5,67.1,36763,25547,24724,823,11215,69.5,3.2,67.3,36712,25259,24270,989,11453,68.8,3.9,66.1,36659,25182,24051,1130,11477,68.7,4.5,65.6,36610,25068,24123,945,11542,68.5,3.8,65.9,36574,25026,24077,948,11548,68.4,3.8,65.8,36571,24900,23749,1151,11670,68.1,4.6,64.9,36525,25419,24367,1052,11106,69.6,4.1,66.7,36470,25224,24465,759,11246,69.2,3.0,67.1,36426,25250,24541,709,11177,69.3,2.8,67.4,36347,25288,24496,792,11059,69.6,3.1,67.4,36268,25804,24981,822,10464,71.1,3.2,68.9
"15 - 24세",6427,2294,2014,279,4133,35.7,12.2,31.3,6379,2213,1980,233,4166,34.7,10.5,31.0,6340,2227,2023,204,4113,35.1,9.2,31.9,6288,2192,1980,212,4096,34.9,9.7,31.5,6234,2186,1928,258,4048,35.1,11.8,30.9,6184,2085,1882,203,4099,33.7,9.7,30.4,6140,2080,1887,193,4060,33.9,9.3,30.7,6099,1947,1759,188,4153,31.9,9.6,28.8,6067,1966,1743,223,4101,32.4,11.4,28.7,6034,1867,1694,173,4168,30.9,9.2,28.1,6012,1861,1682,179,4151,30.9,9.6,28.0,5980,1750,1578,171,4231,29.3,9.8,26.4,5952,1791,1619,171,4161,30.1,9.6,27.2,5925,1698,1550,149,4227,28.7,8.8,26.2,5910,1713,1565,148,4198,29.0,8.6,26.5,5901,1621,1493,128,4281,27.5,7.9,25.3,5892,1616,1463,152,4276,27.4,9.4,24.8,5873,1588,1440,149,4285,27.0,9.4,24.5,5871,1557,1415,142,4314,26.5,9.1,24.1,5875,1414,1284,130,4461,24.1,9.2,21.9,5893,1445,1289,157,4448,24.5,10.8,21.9,5888,1490,1345,145,4398,25.3,9.7,22.8,5898,1547,1400,147,4351,26.2,9.5,23.7,5903,1437,1303,134,4467,24.3,9.3,22.1,5935,1520,1334,185,4416,25.6,12.2,22.5,5940,1501,1354,146,4439,25.3,9.7,22.8,5960,1530,1397,133,4430,25.7,8.7,23.4,5978,1461,1339,121,4517,24.4,8.3,22.4,6030,1562,1386,176,4468,25.9,11.3,23.0,6046,1526,1384,142,4520,25.2,9.3,22.9,6059,1571,1428,143,4488,25.9,9.1,23.6,6077,1518,1383,135,4558,25.0,8.9,22.8,6099,1606,1442,165,4493,26.3,10.2,23.6,6110,1637,1481,155,4473,26.8,9.5,24.2,6117,1655,1517,138,4462,27.1,8.4,24.8,6128,1571,1446,125,4558,25.6,7.9,23.6,6150,1610,1444,165,4540,26.2,10.3,23.5,6160,1604,1455,149,4556,26.0,9.3,23.6,6173,1663,1511,151,4510,26.9,9.1,24.5,6178,1634,1492,142,4543,26.5,8.7,24.2,6180,1758,1553,205,4423,28.4,11.7,25.1,6183,1719,1543,176,4464,27.8,10.2,25.0,6182,1823,1657,166,4359,29.5,9.1,26.8,6174,1733,1575,159,4441,28.1,9.1,25.5,6171,1839,1611,228,4332,29.8,12.4,26.1,6169,1858,1650,207,4311,30.1,11.2,26.8,6162,1865,1689,176,4297,30.3,9.4,27.4,6150,1802,1639,163,4348,29.3,9.1,26.7,6142,1851,1617,234,4291,30.1,12.6,26.3,6136,1862,1655,207,4274,30.3,11.1,27.0,6105,1883,1689,194,4222,30.8,10.3,27.7,6059,1774,1623,152,4284,29.3,8.6,26.8,6021,1819,1607,212,4202,30.2,11.6,26.7,5976,1866,1657,209,4111,31.2,11.2,27.7,5920,1828,1657,170,4093,30.9,9.3,28.0,5866,1692,1539,154,4174,28.9,9.1,26.2,5799,1729,1526,202,4071,29.8,11.7,26.3,5736,1673,1496,177,4063,29.2,10.6,26.1,5688,1681,1502,180,4007,29.6,10.7,26.4,5644,1606,1461,146,4037,28.5,9.1,25.9,5602,1664,1470,194,3938,29.7,11.7,26.2,5568,1671,1467,204,3897,30.0,12.2,26.4,5524,1633,1480,153,3892,29.6,9.3,26.8,5477,1597,1462,135,3880,29.2,8.5,26.7,5418,1550,1380,170,3868,28.6,11.0,25.5,5356,1506,1327,180,3850,28.1,11.9,24.8,5296,1526,1377,149,3770,28.8,9.8,26.0,5246,1421,1289,132,3825,27.1,9.3,24.6,5221,1480,1307,173,3741,28.3,11.7,25.0,5162,1583,1429,154,3580,30.7,9.7,27.7,5107,1546,1452,94,3561,30.3,6.1,28.4,5065,1467,1371,96,3599,29.0,6.5,27.1,5048,1561,1425,136,3487,30.9,8.7,28.2,4994,1608,1479,129,3386,32.2,8.0,29.6
"15 - 29세",10253,5101,4627,473,5152,49.7,9.3,45.1,10183,5020,4616,404,5164,49.3,8.0,45.3,10132,4996,4621,375,5137,49.3,7.5,45.6,10078,4974,4576,399,5104,49.4,8.0,45.4,10022,4984,4534,450,5038,49.7,9.0,45.2,9970,4892,4513,380,5078,49.1,7.8,45.3,9935,4861,4491,370,5074,48.9,7.6,45.2,9916,4761,4404,357,5154,48.0,7.5,44.4,9905,4781,4376,405,5124,48.3,8.5,44.2,9894,4700,4338,362,5194,47.5,7.7,43.8,9895,4705,4346,359,5190,47.5,7.6,43.9,9886,4627,4264,364,5259,46.8,7.9,43.1,9880,4653,4301,352,5227,47.1,7.6,43.5,9877,4603,4269,334,5274,46.6,7.3,43.2,9879,4607,4279,328,5272,46.6,7.1,43.3,9880,4530,4216,314,5350,45.8,6.9,42.7,9880,4517,4185,332,5363,45.7,7.3,42.4,9871,4513,4181,332,5357,45.7,7.4,42.4,9867,4465,4159,306,5402,45.3,6.8,42.2,9856,4329,4027,302,5527,43.9,7.0,40.9,9862,4323,3953,370,5539,43.8,8.6,40.1,9843,4411,4059,352,5432,44.8,8.0,41.2,9825,4370,4020,350,5455,44.5,8.0,40.9,9788,4256,3935,320,5532,43.5,7.5,40.2,9780,4334,3929,406,5446,44.3,9.4,40.2,9742,4307,3977,330,5435,44.2,7.7,40.8,9720,4273,3951,322,5448,44.0,7.5,40.6,9696,4161,3864,297,5535,42.9,7.1,39.8,9705,4264,3889,375,5441,43.9,8.8,40.1,9678,4251,3917,335,5427,43.9,7.9,40.5,9645,4254,3966,288,5391,44.1,6.8,41.1,9613,4148,3856,292,5465,43.1,7.0,40.1,9586,4212,3867,345,5374,43.9,8.2,40.3,9546,4226,3886,340,5320,44.3,8.0,40.7,9509,4157,3874,283,5352,43.7,6.8,40.7,9483,4004,3723,281,5480,42.2,7.0,39.3,9468,4034,3697,337,5434,42.6,8.4,39.0,9441,4044,3726,318,5398,42.8,7.9,39.5,9428,4086,3766,321,5342,43.3,7.8,39.9,9420,4046,3725,321,5374,43.0,7.9,39.5,9408,4180,3769,410,5229,44.4,9.8,40.1,9397,4167,3775,392,5230,44.3,9.4,40.2,9390,4237,3873,364,5154,45.1,8.6,41.2,9385,4134,3790,344,5251,44.0,8.3,40.4,9384,4240,3805,436,5144,45.2,10.3,40.5,9385,4283,3861,423,5101,45.6,9.9,41.1,9380,4276,3916,360,5104,45.6,8.4,41.7,9371,4213,3876,337,5158,45.0,8.0,41.4,9380,4322,3835,488,5058,46.1,11.3,40.9,9377,4384,3931,453,4993,46.8,10.3,41.9,9359,4382,3972,410,4977,46.8,9.3,42.4,9335,4246,3892,354,5089,45.5,8.3,41.7,9321,4313,3850,463,5007,46.3,10.7,41.3,9299,4417,3962,455,4883,47.5,10.3,42.6,9268,4370,3965,405,4897,47.2,9.3,42.8,9240,4230,3850,380,5010,45.8,9.0,41.7,9198,4310,3877,433,4888,46.9,10.0,42.1,9158,4330,3894,437,4828,47.3,10.1,42.5,9131,4345,3938,407,4786,47.6,9.4,43.1,9108,4263,3908,355,4845,46.8,8.3,42.9,9088,4320,3899,421,4769,47.5,9.7,42.9,9078,4389,3924,466,4689,48.4,10.6,43.2,9053,4328,3977,352,4724,47.8,8.1,43.9,9022,4288,3982,306,4734,47.5,7.1,44.1,8978,4199,3828,371,4779,46.8,8.8,42.6,8931,4141,3724,417,4790,46.4,10.1,41.7,8885,4144,3782,362,4742,46.6,8.7,42.6,8849,4048,3717,332,4801,45.7,8.2,42.0,8841,4133,3725,408,4708,46.7,9.9,42.1,8798,4304,3900,404,4494,48.9,9.4,44.3,8744,4221,3963,258,4522,48.3,6.1,45.3,8697,4155,3922,234,4542,47.8,5.6,45.1,8657,4264,3979,285,4393,49.3,6.7,46.0,8592,4376,4062,314,4216,50.9,7.2,47.3
