발행회차,발행일자,가중평균,1년,2년,3년,5년,7년,10년,15년,20년
MBS 2019-18,2019-09-24,1.794,1.521,1.575,1.6,1.74,1.81,1.899,1.949,1.693
MBS 2019-17,2019-09-06,1.588,0,1.509,0,1.588,0,1.623,0,1.549
MBS 2019-16,2019-08-23,1.361,1.275,1.282,1.309,1.365,1.375,1.38,1.38,1.361
MBS 2019-15,2019-08-09,1.374,0,1.325,0,1.372,0,1.389,0,1.369
MBS 2019-14,2019-07-26,1.525,1.411,1.414,1.418,1.503,1.533,1.574,1.574,1.551
MBS 2019-13,2019-06-25,1.636,0,1.552,0,1.606,0,1.651,0,1.668
MBS 2019-12,2019-06-14,1.689,1.575,1.58,1.581,1.676,1.686,1.715,1.745,1.752
MBS 2019-11,2019-05-24,1.88,1.753,1.746,1.776,1.844,1.894,1.925,1.945,1.921
MBS 2019-10,2019-05-10,1.98,0,1.866,0,1.946,0,2.019,0,1.994
MBS 2019-09,2019-04-23,1.992,1.843,1.863,1.877,1.969,1.999,2.054,2.024,2.01
MBS 2019-08,2019-04-05,1.94,1.845,1.83,1.864,1.89,1.93,2.007,2.017,1.991
MBS 2019-07,2019-03-22,2.102,1.943,1.955,1.98,2.047,2.107,2.178,2.168,2.149
MBS 2019-06,2019-03-08,2.19,0,2,0,2.104,0,2.264,0,2.238
MBS 2019-05,2019-02-22,2.145,1.931,1.976,1.98,2.088,2.168,2.235,2.205,2.221
MBS 2019-04,2019-02-15,2.147,0,1.956,0,2.062,0,2.2,0,2.234
MBS 2019-03,2019-01-29,2.17,1.932,1.968,1.987,2.084,2.204,2.253,2.273,2.282
MBS 2019-02,2019-01-11,2.217,0,1.997,0,2.147,0,2.283,0,2.265
MBS 2018-31,2018-12-26,2.224,1.972,1.993,2.019,2.177,2.257,2.324,2.254,2.314
MBS 2018-30,2018-12-14,2.208,2.008,2.004,2.016,2.196,2.236,2.268,2.248,2.258
MBS 2018-29,2018-12-07,2.255,2.004,2.058,2.076,2.184,2.314,2.324,2.324,2.314
MBS 2018-28,2018-11-27,2.396,2.057,2.119,2.161,2.342,2.472,2.483,2.483,2.463
MBS 2018-27,2018-11-16,2.446,0,2.107,0,2.395,0,2.504,0,2.504
MBS 2018-26,2018-10-26,2.493,2.052,2.179,2.229,2.467,2.557,2.577,2.577,2.577
MBS 2018-24,2018-10-16,2.514,2.044,2.163,2.241,2.483,2.593,2.601,2.591,2.591
MBS 2018-23,2018-09-21,2.413,1.976,2.079,2.139,2.387,2.487,2.495,2.495,2.495
MBS 2018-22,2018-09-13,2.255,1.879,1.992,2.055,2.26,2.36,2.391,2.391,2.361
MBS 2018-21,2018-09-07,2.342,0,1.999,0,2.266,0,2.421,0,2.411
MBS 2018-20,2018-08-24,2.416,1.901,1.999,2.109,2.355,2.475,2.534,2.534,2.504
MBS 2018-19,2018-08-10,2.593,1.966,2.123,2.23,2.555,2.665,2.719,2.699,2.689
MBS 2018-18,2018-07-27,2.613,1.967,2.148,2.249,2.597,2.687,2.731,2.711,2.701
MBS 2018-17,2018-07-17,2.614,1.994,2.167,2.269,2.58,2.7,2.717,2.717,2.717
MBS 2018-16,2018-06-28,2.757,0,2.241,0,2.725,0,2.826,0,2.786
MBS 2018-15,2018-06-22,2.74,2.008,2.252,2.354,2.731,2.851,2.835,2.825,2.815
MBS 2018-14,2018-06-12,2.789,2.002,2.24,2.388,2.798,2.928,2.925,2.935,2.925
MBS 2018-13,2018-05-29,2.79,2.005,2.25,2.415,2.82,2.91,2.956,2.936,2.916
MBS 2018-12,2018-05-23,2.877,0,2.318,0,2.837,0,2.996,0,2.996
MBS 2018-11,2018-05-11,2.856,2.032,2.339,2.484,2.888,2.978,2.999,2.999,2.999
MBS 2018-10,2018-04-27,2.913,0,2.312,0,2.842,0,0,0,2.986
MBS 2018-09,2018-04-20,2.726,1.985,2.225,2.379,2.767,2.837,2.854,2.874,2.874
MBS 2018-08,2018-04-06,2.712,2.015,2.254,2.4,2.757,2.817,2.828,2.828,2.828
MBS 2018-06,2018-03-23,2.805,2.095,2.344,2.492,2.877,2.927,2.906,2.906,2.906
MBS 2018-05,2018-03-09,2.831,2.086,2.358,2.52,2.905,2.955,2.915,2.935,2.945
MBS 2018-04,2018-02-23,2.943,0,2.405,0,2.949,0,0,0,2.992
MBS 2018-03,2018-02-09,2.81,2.014,2.362,2.514,2.869,2.909,2.922,2.952,2.952
MBS 2018-02,2018-01-26,2.733,1.968,2.288,2.446,2.799,2.849,2.829,2.849,2.839
MBS 2018-01,2018-01-12,2.768,0,2.307,0,2.807,0,0,0,2.799
MBS 2017-30,2017-12-22,2.628,2.028,2.25,2.365,2.703,2.723,2.706,2.706,2.686
MBS 2017-29,2017-12-08,2.63,1.969,2.22,2.385,2.701,2.711,2.725,2.725,2.685
MBS 2017-28,2017-11-24,2.714,2.041,2.322,2.489,2.809,2.819,2.773,2.783,2.793
MBS 2017-27,2017-11-10,2.709,2.054,2.337,2.483,2.826,2.806,2.751,2.751,2.751
MBS 2017-26,2017-10-27,2.656,2.048,2.29,2.397,2.793,2.833,2.66,2.66,2.64
MBS 2017-25,2017-10-17,2.482,0,1.998,0,2.555,0,0,0,2.506
MBS 2017-23,2017-09-22,2.313,1.714,1.9,2.033,2.394,2.394,2.417,2.427,2.417
MBS 2017-22,2017-09-08,2.328,1.642,1.885,2.017,2.412,2.432,2.445,2.455,2.445
MBS 2017-21,2017-08-29,0,0,0,0,0,0,0,0,0
MBS 2017-20,2017-08-25,2.352,1.682,1.902,2.034,2.411,2.471,2.462,2.472,2.472
MBS 2017-19,2017-08-11,2.35,1.614,1.866,2.022,2.404,2.474,2.48,2.49,2.46
MBS 2017-18,2017-07-27,2.358,0,1.786,0,2.401,0,0,0,2.396
MBS 2017-17,2017-07-21,2.311,1.58,1.809,1.968,2.36,2.46,2.435,2.455,2.415
MBS 2017-16,2017-07-07,2.31,1.585,1.797,1.932,2.33,2.44,2.458,2.498,2.468
MBS 2017-15,2017-06-23,2.195,1.577,1.759,1.884,2.213,2.293,2.313,2.393,2.363
MBS 2017-14,2017-06-09,2.23,1.531,1.686,1.811,2.204,2.354,2.446,2.476,2.466
MBS 2017-13,2017-05-26,2.315,1.536,1.726,1.863,2.302,2.432,2.551,2.571,2.581
MBS 2017-12,2017-05-16,2.352,1.538,1.71,1.891,2.359,2.459,2.609,2.599,2.619
MBS 2017-11,2017-04-27,2.454,0,1.771,0,2.276,0,0,0,2.577
MBS 2017-10,2017-04-21,2.242,1.564,1.7,1.831,2.244,2.344,2.462,2.482,2.472
MBS 2017-09,2017-04-07,2.217,1.55,1.687,1.811,2.207,2.297,2.423,2.443,2.443
MBS 2017-08,2017-03-30,2.217,1.568,1.71,1.848,2.24,2.33,2.372,2.381,2.397
MBS 2017-07,2017-03-24,2.24,1.578,1.721,1.839,2.223,2.333,2.446,2.436,2.456
MBS 2017-05,2017-03-10,2.332,1.593,1.779,1.947,2.362,2.442,2.498,2.508,2.518
MBS 2017-04,2017-02-17,2.208,1.549,1.719,1.845,2.245,2.325,2.356,2.366,2.376
MBS 2017-03,2017-02-06,2.218,1.573,1.74,1.876,2.242,2.322,2.352,2.362,2.392
MBS 2017-02,2017-01-20,2.136,1.544,1.687,1.817,2.148,2.218,2.305,2.275,2.305
MBS 2017-01,2017-01-06,2.136,1.585,1.706,1.815,2.18,2.24,2.28,2.27,2.27
MBS 2016-29,2016-12-26,2.282,1.706,1.835,1.925,2.285,2.355,2.426,2.433,2.423
MBS 2016-28,2016-12-23,2.239,1.692,1.829,1.934,2.233,2.423,2.322,2.402,2.402
MBS 2016-27,2016-12-20,2.293,1.707,1.821,1.939,2.369,2.379,2.365,2.445,2.445
MBS 2016-26,2016-12-02,2.277,1.783,1.888,1.986,2.31,2.36,2.412,2.472,2.432
MBS 2016-25,2016-11-25,2.472,0,2.003,0,2.449,0,0,0,2.536
MBS 2016-24,2016-11-18,2.287,1.672,1.826,1.911,2.337,2.417,2.455,2.495,2.475
MBS 2016-23,2016-11-04,1.966,1.558,1.626,1.685,2.079,2.009,2.08,1.99,2
MBS 2016-22,2016-10-21,1.842,1.519,1.563,1.59,1.918,1.948,1.9,1.92,1.92
MBS 2016-21,2016-10-07,1.716,1.447,1.456,1.47,1.808,1.818,1.736,1.766,1.766
MBS 2016-20,2016-09-27,1.758,1.433,1.477,1.485,1.843,1.863,1.814,1.844,1.834
MBS 2016-19,2016-09-02,1.685,1.406,1.416,1.433,1.78,1.79,1.705,1.725,1.725
MBS 2016-17,2016-08-19,1.606,1.338,1.342,1.353,1.69,1.71,1.637,1.667,1.677
MBS 2016-16,2016-08-05,1.542,1.298,1.313,1.346,1.597,1.627,1.614,1.624,1.634
MBS 2016-15,2016-07-22,1.524,1.288,1.312,1.322,1.568,1.608,1.628,1.638,1.638
MBS 2016-14,2016-07-08,1.506,1.291,1.299,1.311,1.578,1.598,1.545,1.535,1.535
MBS 2016-13,2016-06-24,1.654,1.418,1.451,1.48,1.691,1.741,1.74,1.76,1.78
MBS 2016-12,2016-06-03,1.742,1.52,1.541,1.566,1.754,1.814,1.862,1.872,1.912
MBS 2016-11,2016-05-20,1.728,1.538,1.528,1.567,1.751,1.741,1.856,1.876,1.906
MBS 2016-10,2016-05-10,1.721,1.502,1.493,1.535,1.72,1.77,1.852,1.872,1.912
MBS 2016-09,2016-04-22,1.796,1.584,1.588,1.614,1.783,1.833,1.888,1.908,1.948
MBS 2016-08,2016-04-08,1.799,1.548,1.532,1.581,1.843,1.883,1.869,1.909,1.929
MBS 2016-07,2016-03-18,1.93,1.61,1.63,1.7,1.97,2.01,2,2.05,2.06
MBS 2016-06,2016-03-04,1.91,1.56,1.59,1.63,1.97,2.03,1.98,1.99,2
MBS 2016-05,2016-02-19,1.89,1.51,1.54,1.6,2.02,1.91,1.95,2.04,2.01
MBS 2016-04,2016-02-04,1.93,1.57,1.6,1.72,1.96,1.98,2.04,2.08,2.09
MBS 2016-03,2016-01-22,2.06,1.64,1.7,1.79,2.11,2.13,2.19,2.21,2.23
MBS 2016-01,2016-01-08,2.08,1.68,1.74,1.83,2.07,2.16,2.22,2.27,2.29
MBS 2015-28,2015-12-11,2.27,1.75,1.84,1.93,2.24,2.35,2.42,2.47,2.49
MBS 2015-27,2015-12-04,2.29,1.81,1.89,1.99,2.3,2.38,2.42,2.47,2.49
MBS 2015-26,2015-11-20,2.29,1.73,1.82,1.91,2.32,2.39,2.42,2.47,2.52
MBS 2015-25,2015-11-06,2.08,1.68,1.76,1.81,2.08,2.13,2.2,2.29,2.32
MBS 2015-24,2015-10-23,2.01,1.63,1.71,1.74,2.02,2.06,2.15,2.22,2.27
MBS 2015-23,2015-10-12,1.97,1.57,1.63,1.69,1.93,2.06,2.13,2.22,2.28
MBS 2015-22,2015-09-18,2.12,1.59,1.67,1.75,2.05,2.24,2.35,2.45,2.52
MBS 2015-21,2015-09-04,2.13,1.62,1.7,1.79,2.07,2.25,2.36,2.44,2.48
MBS 2015-20,2015-08-21,2.17,1.59,1.69,1.8,2.15,2.31,2.37,2.47,2.5
MBS 2015-18,2015-08-07,2.26,1.61,1.72,1.85,2.24,2.39,2.51,2.63,2.66
MBS 2015-17,2015-07-24,2.18,1.63,1.74,1.85,2.23,2.36,2.54,2.66,2.7
MBS 2015-16,2015-07-07,2.5,1.66,1.79,1.93,2.33,2.38,2.62,2.74,2.78
MBS 2015-15,2015-06-30,2.49,1.68,1.79,1.92,2.31,2.36,2.61,2.75,2.8
MBS 2015-14,2015-06-23,2.48,1.66,1.78,1.89,2.28,2.32,2.63,2.76,2.8
MBS 2015-13,2015-06-16,2.49,1.67,1.8,1.91,2.27,2.33,2.62,2.76,2.82
MBS 2015-12,2015-06-09,2.47,1.7,1.78,1.89,2.24,2.33,2.61,2.73,2.81
MBS 2015-11,2015-06-02,2.39,1.75,1.83,1.9,2.19,2.28,2.51,2.63,2.69
MBS 2015-10,2015-05-26,2.5,1.78,1.9,1.99,2.3,2.39,2.63,2.75,2.81
MBS 2015-09,2015-05-12,2.53,1.81,1.92,2.03,2.32,2.42,2.61,2.74,2.79
MBS 2015-07,2015-04-16,1.98,1.7,1.74,1.81,1.98,2.11,2.22,2.25,2.34
MBS 2015-06,2015-04-02,1.98,1.71,1.73,1.75,1.95,2.08,2.25,2.3,2.38
MBS 2015-05,2015-03-19,2.15,1.82,1.88,1.92,2.11,2.25,2.38,2.46,2.53
MBS 2015-04,2015-03-05,2.25,2.03,2.05,2.08,2.22,2.32,2.44,2.51,2.57
MBS 2015-03,2015-02-05,2.17,2.01,2.03,2.05,2.16,2.23,2.31,2.4,2.47
MBS 2015-02,2015-01-22,2.29,2.04,2.09,2.13,2.28,2.38,2.46,2.57,2.65
MBS 2015-01,2015-01-08,2.46,2.12,2.16,2.25,2.44,2.58,2.71,2.83,2.9
MBS 2014-21,2014-12-18,2.52,2.19,2.25,2.32,2.48,2.66,2.79,2.94,2.98
MBS 2014-20,2014-12-04,2.37,2.11,2.16,2.19,2.33,2.49,2.66,2.79,2.88
MBS 2014-19,2014-11-20,2.51,2.12,2.22,2.3,2.48,2.61,2.81,2.91,3.03
MBS 2014-18,2014-11-06,2.41,2.08,2.14,2.24,2.38,2.53,2.68,2.78,2.92
MBS 2014-17,2014-10-16,2.6,2.2,2.29,2.38,2.63,2.77,2.9,2.98,3.1
MBS 2014-16,2014-10-02,2.68,2.26,2.33,2.43,2.65,2.79,2.96,3.06,3.12
MBS 2014-15,2014-09-18,2.82,2.29,2.39,2.53,2.8,2.94,3.12,3.21,3.28
MBS 2014-13,2014-08-28,2.99,2.43,2.54,2.7,2.97,3.09,3.18,3.27,3.35
MBS 2014-12,2014-07-24,2.91,2.49,2.55,2.67,2.82,2.98,3.09,3.14,3.21
MBS 2014-11,2014-06-26,3.11,2.65,2.72,2.82,2.97,3.14,3.31,3.38,3.44
MBS 2014-10,2014-05-22,3.29,2.73,2.84,2.98,3.22,3.34,3.49,3.55,3.61
MBS 2014-09,2014-04-24,3.45,2.74,2.88,3.03,3.37,3.49,3.67,3.76,3.81
MBS 2014-08,2014-03-20,3.48,2.72,2.83,3,3.33,3.48,3.64,3.72,3.82
MBS 2014-06,2014-03-06,3.45,2.73,2.86,3.06,3.35,3.51,3.68,3.74,3.8
MBS 2014-05,2014-02-13,3.46,2.72,2.84,3.03,3.37,3.53,3.69,3.75,3.81
MBS 2014-03,2014-01-23,3.55,2.74,2.93,3.12,3.48,3.67,3.82,3.89,3.93
MBS 2014-02,2014-01-16,3.63,2.75,2.98,3.16,3.53,3.7,3.83,3.88,3.92
MBS 2014-01,2014-01-09,3.6,2.77,2.94,3.14,3.52,3.71,3.86,3.9,3.96
MBS 2013-40,2013-11-28,3.62,2.8,2.99,3.18,3.59,3.71,3.82,3.9,3.96
MBS 2013-36,2013-11-14,3.55,2.78,2.99,3.21,3.54,3.68,3.76,3.79,3.84
MBS 2013-35,2013-10-17,3.52,2.79,2.98,3.15,3.51,3.62,3.73,3.78,3.84
MBS 2013-34,2013-10-10,3.42,2.76,2.93,3.08,3.33,3.47,3.59,3.64,3.73
MBS 2013-32,2013-09-27,3.41,2.75,2.92,3.07,3.34,3.45,3.56,3.63,3.7
MBS 2013-31,2013-09-12,3.57,2.79,3,3.19,3.56,3.67,3.77,3.86,3.93
MBS 2013-30,2013-08-22,3.59,2.78,2.99,3.19,3.53,3.71,3.82,3.88,3.94
MBS 2013-29,2013-08-16,3.52,2.73,2.92,3.11,3.43,3.59,3.7,3.78,3.83
MBS 2013-28,2013-08-08,3.51,2.76,2.96,3.17,3.49,3.61,3.69,3.76,3.82
MBS 2013-27,2013-07-29,3.52,2.8,3.02,3.2,3.54,3.62,3.68,3.75,3.82
MBS 2013-23,2013-07-23,3.51,2.75,2.96,3.18,3.46,3.53,3.62,3.72,3.79
MBS 2013-26,2013-07-18,3.48,2.77,2.96,3.16,3.45,3.55,3.61,3.72,3.76
MBS 2013-25,2013-07-11,3.59,2.77,2.98,3.24,3.58,3.66,3.79,3.87,3.9
MBS 2013-22,2013-06-20,3.24,2.68,2.87,3,3.21,3.29,3.37,3.42,3.48
MBS 2013-21,2013-06-13,3.21,2.73,2.88,3,3.2,3.26,3.32,3.37,3.42
MBS 2013-20,2013-05-30,3,2.68,2.74,2.83,2.97,3.04,3.08,3.13,3.19
MBS 2013-19,2013-05-16,2.97,2.64,2.72,2.79,2.89,2.96,3.03,3.11,3.14
MBS 2013-18,2013-05-09,2.92,2.74,2.75,2.78,2.87,2.94,2.99,3.05,3.07
MBS 2013-17,2013-04-25,2.97,2.74,2.78,2.83,2.94,3,3.03,3.09,3.13
MBS 2013-16,2013-04-18,3.01,2.73,2.78,2.84,2.97,3.05,3.1,3.19,3.2
MBS 2013-15,2013-04-11,2.89,2.58,2.62,2.69,2.83,2.94,2.95,3.02,3.06
MBS 2013-14,2013-04-04,2.88,2.62,2.65,2.7,2.83,2.93,2.97,3.04,3.09
MBS 2013-09,2013-03-14,3.03,2.72,2.75,2.79,2.97,3.06,3.13,3.16,3.19
MBS 2013-08,2013-02-28,3.07,2.74,2.78,2.85,3.01,3.12,3.15,3.2,3.24
MBS 2013-07,2013-02-21,3.12,2.76,2.81,2.89,3.03,3.16,3.24,3.26,3.28
MBS 2013-06,2013-02-15,3.12,2.8,2.85,2.93,3.05,3.18,3.25,3.26,3.3
MBS 2013-05,2013-02-07,3.16,2.84,2.9,2.96,3.1,3.2,3.26,3.3,3.32
MBS 2013-04,2013-01-31,3.08,2.85,2.87,2.92,3.04,3.11,3.2,3.21,3.25
MBS 2013-03,2013-01-24,3.09,2.83,2.88,2.92,3.02,3.08,3.19,3.22,3.24
MBS 2013-02,2013-01-17,3.08,2.83,2.9,2.92,3.03,3.08,3.19,3.25,3.28
MBS 2013-01,2013-01-10,3.15,2.86,2.92,2.96,3.11,3.18,3.27,3.33,3.35
MBS 2012-41,2012-12-13,3.24,2.97,3.01,3.04,3.16,3.22,3.32,3.38,3.4
MBS 2012-39,2012-11-29,3.2,2.98,3.05,3.05,3.14,3.21,3.26,3.28,3.3
MBS 2012-40,2012-11-27,3.16,2.95,3.02,3.04,3.1,3.18,3.22,3.25,3.28
MBS 2012-35,2012-11-22,3.11,2.93,3,3,3.06,3.11,3.16,3.19,3.22
MBS 2012-34,2012-11-15,3.08,2.91,2.97,2.99,3.03,3.1,3.14,3.17,3.21
MBS 2012-33,2012-11-08,3.11,2.93,2.99,2.99,3.06,3.12,3.15,3.18,3.25
MBS 2012-32,2012-11-01,3.12,2.94,2.99,3.01,3.07,3.13,3.16,3.19,3.23
MBS 2012-31,2012-10-25,3.16,2.96,3.02,3.03,3.15,3.17,3.21,3.23,3.28
MBS 2012-30,2012-10-18,3.11,2.97,2.99,3.01,3.09,3.1,3.14,3.19,3.21
MBS 2012-29,2012-10-11,3.11,2.98,3.02,3.01,3.08,3.13,3.14,3.17,3.2
MBS 2012-28,2012-09-27,3.16,3.03,3.03,3.02,3.13,3.18,3.17,3.2,3.3
MBS 2012-24,2012-09-20,3.22,3.05,3.08,3.1,3.22,3.22,3.24,3.29,3.34
MBS 2012-25,2012-09-13,3.14,2.96,3,3.05,3.09,3.14,3.16,3.2,3.31
MBS 2012-22,2012-09-06,3.12,2.93,2.95,2.97,3.12,3.12,3.15,3.2,3.3
MBS 2012-23,2012-08-30,3.18,2.96,2.97,3.02,3.15,3.16,3.22,3.27,3.38
MBS 2012-21,2012-08-17,3.23,2.95,3.02,3.04,3.19,3.24,3.27,3.33,3.41
MBS 2012-20,2012-08-09,3.17,2.87,2.95,3.01,3.14,3.18,3.21,3.29,3.37
MBS 2012-19,2012-08-02,3.27,2.93,3.01,3.08,3.23,3.27,3.33,3.43,3.44
MBS 2012-18,2012-07-26,3.28,2.9,2.96,3.09,3.26,3.25,3.32,3.49,3.47
MBS 2012-16,2012-07-19,3.5,3.05,3.12,3.29,3.48,3.47,3.54,3.69,3.7
MBS 2012-17,2012-07-12,3.76,3.37,3.45,3.59,3.76,3.8,3.82,3.88,3.91
MBS 2012-15,2012-07-05,3.83,3.46,3.52,3.67,3.82,3.86,3.89,3.91,3.94
MBS 2012-13,2012-06-28,3.78,3.44,3.47,3.63,3.76,3.8,3.83,3.86,3.9
MBS 2012-14,2012-06-21,3.75,3.44,3.48,3.62,3.73,3.77,3.81,3.84,3.9
MBS 2012-10,2012-06-12,3.68,3.43,3.46,3.56,3.66,3.71,3.72,3.75,3.8
MBS 2012-09,2012-05-29,3.78,3.49,3.55,3.62,3.75,3.79,3.83,3.85,3.9
MBS 2012-08,2012-05-22,3.78,3.5,3.54,3.64,3.73,3.8,3.81,3.83,3.87
MBS 2012-07,2012-05-15,3.79,3.47,3.54,3.61,3.76,3.81,3.85,3.88,3.91
MBS 2012-06,2012-04-23,3.9,3.55,3.64,3.76,3.88,3.93,3.96,3.98,4.01
MBS 2012-05,2012-04-13,3.97,3.58,3.68,3.81,3.95,4,4,4.03,4.07
MBS 2012-03,2012-03-13,3.98,3.63,3.71,3.84,3.96,3.99,4.01,4.08,4.12
MBS 2012-02,2012-02-23,3.99,3.62,3.73,3.84,3.97,4,4.03,4.1,4.16
MBS 2012-01,2012-02-02,3.96,3.6,3.72,3.82,3.92,3.96,4.02,4.08,4.14
MBS 2011-21,2011-12-23,4.05,3.7,3.8,3.89,4.02,4.06,4.12,4.17,4.23
MBS 2011-18,2011-11-24,4.03,3.65,3.76,3.89,4,4.04,4.08,4.15,4.22
MBS 2011-19,2011-11-24,4.05,3.65,3.76,3.89,4,4.04,4.08,4.15,4.22
MBS 2011-17,2011-11-14,3.66,3.66,0,0,0,0,0,0,0
MBS 2011-16,2011-10-25,4.14,3.79,3.9,3.99,4.1,4.14,4.18,4.26,4.35
MBS 2011-14,2011-09-29,4.08,3.77,3.9,3.97,4.04,4.08,4.12,4.13,4.27
MBS 2011-13,2011-09-08,3.9,3.73,3.89,3.91,0,0,0,0,0
MBS 2011-12,2011-08-30,4.08,3.78,3.91,3.96,4.04,4.09,4.1,4.18,4.25
MBS 2011-11,2011-07-28,4.32,3.91,4.1,4.2,4.26,4.3,4.33,4.42,4.5
MBS 2011-10,2011-07-19,4.25,3.89,4.02,4.09,4.17,4.22,4.31,4.41,4.5
MBS 2011-09,2011-06-24,4.28,3.76,3.97,4.06,4.2,4.28,4.37,4.46,4.56
MBS 2011-08,2011-05-30,4.26,3.77,3.92,4.01,4.14,4.23,4.38,4.48,4.55
MBS 2011-07,2011-05-06,4.47,3.88,4.11,4.2,4.36,4.44,4.62,4.71,4.79
MBS 2011-05,2011-04-26,3.71,3.64,3.71,3.71,0,0,0,0,0
MBS 2011-04,2011-04-13,4.5,3.86,4.09,4.19,4.38,4.47,4.65,4.75,4.82
MBS 2011-03,2011-03-29,4.48,3.85,3.99,4.1,4.34,4.46,4.62,4.71,4.78
MBS 2011-02,2011-02-17,4.78,3.83,4.14,4.31,4.76,4.8,4.99,5.04,5.05
MBS 2011-01,2011-01-28,4.76,3.67,4.11,4.28,4.71,4.76,4.93,5.03,5.04
MBS 2010-16,2010-12-23,4.49,3.3,3.74,3.84,4.46,4.54,4.74,4.87,4.93
MBS 2010-17,2010-12-07,4.36,3.21,3.55,3.72,4.28,4.37,4.64,4.74,4.8
MBS 2010-15,2010-11-29,4.45,3.22,3.56,3.82,4.4,4.52,4.73,4.79,4.89
MBS 2010-14,2010-11-19,3.24,2.92,3.19,3.25,0,0,0,0,0
MBS 2010-13,2010-10-28,4.29,3.05,3.47,3.71,4.16,4.33,4.56,4.61,4.71
MBS 2010-12,2010-09-29,4.36,3.2,3.61,3.93,4.29,4.34,4.46,4.58,4.68
MBS 2010-11,2010-09-07,3.08,3.01,3.08,0,0,0,0,0,0
MBS 2010-10,2010-08-26,4.62,3.45,3.82,4.12,4.61,4.68,4.71,4.73,4.88
MBS 2010-09,2010-07-30,4.95,3.44,4.06,4.42,4.94,5.01,5.07,5.07,5.11
MBS 2010-07,2010-07-08,4.98,3.54,4.13,4.43,4.94,5.01,5.1,5.16,5.21
MBS 2010-05,2010-06-17,5.01,3.28,4,4.36,5,5.06,5.14,5.21,5.3
MBS 2010-04,2010-04-23,4.97,3.07,3.8,4.18,4.93,5.02,5.16,5.22,5.25
MBS 2010-03,2010-03-30,4.94,3.02,3.84,4.24,4.79,5.03,5.15,5.16,5.25
MBS 2010-02,2010-02-25,5.29,3.64,4.42,4.68,5.19,5.36,5.46,5.49,5.5
MBS 2010-01,2010-01-28,5.39,3.83,4.6,4.87,5.32,5.43,5.56,5.49,5.57
MBS 2009-14,2009-12-18,5.32,3.95,4.71,4.95,5.32,5.36,5.4,5.52,5.53
MBS 2009-12,2009-11-20,5.53,3.85,4.74,4.93,5.48,5.52,5.64,5.76,5.77
MBS 2009-11,2009-11-10,5.64,4.11,5.07,5.13,5.64,5.68,5.74,5.84,5.87
MBS 2009-10,2009-10-16,5.59,4.03,4.9,5.07,5.57,5.59,5.71,5.78,5.81
MBS 2009-09,2009-09-29,3.76,3.81,3.69,3.76,0,0,0,0,0
MBS 2009-08,2009-09-15,5.69,4.03,4.86,5.17,5.73,5.77,5.82,5.87,5.89
MBS 2009-06,2009-07-07,5.51,3.31,4.36,4.84,5.44,5.49,5.75,5.8,5.85
MBS 2009-04,2009-04-29,5.22,2.93,3.83,4.41,5.16,5.23,5.49,5.58,5.66
MBS 2009-01,2009-03-20,5.71,3.22,4.44,5.01,5.6,5.65,5.99,6.04,6.09
MBS 2008-07,2008-06-13,6.64,5.83,6.26,6.36,6.67,6.69,6.67,6.68,6.69
MBS 2008-06,2008-05-27,6.26,5.5,5.76,5.97,6.28,6.3,6.31,6.32,6.33
MBS 2008-05,2008-05-06,5.75,5.38,5.4,5.48,5.74,5.76,5.8,5.81,5.82
MBS 2008-04,2008-04-15,5.81,5.51,5.62,5.63,5.78,5.81,5.84,5.85,5.86
MBS 2008-03,2008-03-27,5.88,5.44,5.73,5.75,5.86,5.9,5.9,5.92,5.94
MBS 2008-02,2008-03-07,5.46,5.09,5.22,5.27,5.43,5.45,5.5,5.51,5.52
MBS 2008-01,2008-02-26,5.66,5.17,5.35,5.42,5.64,5.66,5.71,5.72,5.73
MBS 2007-06,2007-10-25,5.86,5.58,5.75,5.81,5.85,5.87,5.88,5.9,5.91
MBS 2007-05,2007-09-20,5.73,5.57,5.65,5.7,5.71,5.72,5.76,5.77,5.78
MBS 2007-04,2007-08-23,5.52,5.38,5.45,5.46,5.5,5.53,5.52,5.55,5.6
MBS 2007-03,2007-07-11,5.7,5.35,5.5,5.55,5.69,5.71,5.74,5.77,5.82
MBS 2007-02,2007-04-24,5.27,5.08,5.13,5.17,5.22,5.24,5.3,5.35,5.39
MBS 2007-01,2007-02-21,5.17,5.02,5.06,5.06,5.14,5.16,5.18,5.23,5.27
MBS 2006-05,2006-12-15,5.09,4.86,4.9,4.93,5.07,5.1,5.1,5.15,5.2
MBS 2006-04,2006-09-26,5.02,4.7,4.75,4.76,4.95,4.99,5.06,5.16,5.23
MBS 2006-03,2006-07-14,5.4,4.92,5.06,5.09,5.31,5.39,5.45,5.57,5.62
MBS 2006-02,2006-03-30,5.62,4.66,4.97,5.07,5.45,5.57,5.7,5.83,5.87
MBS 2006-01,2006-01-26,5.72,4.71,5.08,5.21,5.55,5.67,5.79,5.91,0
MBS 2005-09,2005-11-10,5.87,4.67,5.23,5.4,5.76,5.86,5.95,6,6.08
MBS 2005-08,2005-09-29,5.56,4.55,4.83,4.96,5.37,5.49,5.64,5.72,5.77
MBS 2005-07,2005-08-30,5.16,4.01,4.4,4.52,4.95,5.12,5.24,5.39,5.42
MBS 2005-06,2005-07-27,4.89,3.8,4.08,4.2,4.59,4.8,5.01,5.16,5.2
MBS 2005-05,2005-06-27,4.72,3.81,3.97,4.04,4.34,4.56,4.83,4.97,5.01
MBS 2005-04,2005-05-25,4.41,3.67,3.76,3.82,4.06,4.28,4.53,4.64,4.68
MBS 2005-03,2005-04-28,4.71,0,0,3.96,4.3,4.56,4.82,4.89,4.93
MBS 2005-02,2005-03-23,4.84,0,0,4.1,4.48,4.72,4.9,5,5.06
MBS 2005-01,2005-02-24,5.18,0,0,4.42,4.83,5.05,5.21,5.32,5.43
MBS 2004-07,2004-12-28,4.06,0,0,3.44,3.72,3.92,4.12,4.24,4.37
MBS 2004-06,2004-11-30,4.09,0,0,3.43,3.77,3.92,4.16,4.28,4.45
MBS 2004-05,2004-10-28,4.2,0,0,3.6,3.82,4.06,4.27,4.39,4.5
MBS 2004-04,2004-09-23,4.26,0,0,3.65,3.89,4.13,4.34,4.45,4.49
MBS 2004-03,2004-08-18,4.5,0,0,3.89,4.14,4.39,4.59,4.7,4.73
MBS 2004-02,2004-07-28,5,0,0,4.28,4.63,4.88,5.08,5.17,5.2
MBS 2004-01,2004-06-15,5.04,4.14,4.28,4.33,4.67,0,5.04,10.38,5.26
